3,6
3,6
3,2
3,6
3,6
3,4
3,6
3,4
3,6
3,0
3,4
3,6
3,4
3,0
3,4
3,2
3,6
3,6
3,2
3,0
3,4
3,0
3,4
3,6
3,6
3,4
3,2
3,0
3,4
3,2
3,4
3,4
3,6
3,2
3,2
3,4
3,4
3,4
3,0
3,2
3,4
3,2
3,2
3,4
3,2
3,4
3,4
3,4
3,2
3,4
3,2
3,6
3,6
3,2
3,4
3,4
3,2
3,4
3,2
3,0
3,0
3,4
3,2
3,4
3,0
3,4
3,0
3,2
3,2
3,6
3,2
3,2
3,0
3,4
3,4
3,4
3,6
3,4
3,4
3,4
3,2
3,6
3,6
3,2
3,2
3,6
3,4
3,2
3,4
3,2
3,2
3,4
3,0
3,6
3,2
3,2
3,4
3,2
3,4
3,0

4,4
4,4
4,8
4,6
4,6
4,8
4,2
4,8
4,4
4,8
4,2
4,6
4,4
4,4
4,12
4,4
4,6
4,2
4,10
4,8
4,0
4,6
4,4
4,10
4,6
4,10
4,2
4,8
4,8
4,10
4,12
4,4
4,6
4,6
4,6
4,6
4,4
4,10
4,6
4,12
4,4
4,10
4,8
4,6
4,0
4,4
4,6
4,4
4,4
4,6
4,0
4,6
4,0
4,4
4,6
4,8
4,10
4,2
4,4
4,6
4,10
4,10
4,4
4,8
4,2
4,0
4,2
4,8
4,4
4,8
4,8
4,10
4,2
4,6
4,6
4,10
4,4
4,8
4,2
4,8
4,0
4,4
4,4
4,2
4,8
4,6
4,12
4,6
4,4
4,10
4,6
4,4
4,0
4,6
4,6
4,6
4,10
4,6
4,4
4,10

5,14
5,8
5,16
5,10
5,12
5,8
5,4
5,8
5,16
5,20
5,12
5,12
5,8
5,14
5,12
5,2
5,2
5,8
5,16
5,6
5,4
5,6
5,10
5,8
5,6
5,12
5,6
5,10
5,8
5,14
5,12
5,16
5,4
5,12
5,6
5,16
5,10
5,4
5,6
5,18
5,16
5,10
5,4
5,6
5,8
5,16
5,10
5,14
5,18
5,8
5,6
5,12
5,12
5,6
5,10
5,12
5,14
5,4
5,14
5,4
5,8
5,12
5,4
5,12
5,14
5,18
5,4
5,14
5,16
5,12
5,4
5,14
5,10
5,6
5,12
5,8
5,8
5,4
5,6
5,12
5,12
5,16
5,4
5,8
5,12
5,12
5,6
5,10
5,12
5,8
5,14
5,6
5,14
5,12
5,12
5,8
5,14
5,6
5,16
5,14

6,24
6,16
6,12
6,12
6,18
6,12
6,22
6,20
6,16
6,16
6,12
6,12
6,8
6,22
6,12
6,6
6,10
6,20
6,28
6,12
6,14
6,8
6,14
6,6
6,14
6,14
6,12
6,18
6,14
6,12
6,14
6,16
6,20
6,10
6,20
6,24
6,18
6,16
6,10
6,10
6,14
6,18
6,14
6,14
6,12
6,4
6,10
6,14
6,18
6,12
6,20
6,12
6,18
6,20
6,16
6,10
6,26
6,6
6,20
6,10
6,14
6,16
6,16
6,14
6,10
6,12
6,12
6,20
6,14
6,18
6,18
6,12
6,14
6,14
6,18
6,16
6,18
6,8
6,24
6,20
6,22
6,16
6,20
6,6
6,22
6,10
6,18
6,14
6,12
6,10
6,18
6,22
6,18
6,20
6,24
6,20
6,20
6,16
6,6
6,18

7,16
7,10
7,38
7,16
7,22
7,26
7,12
7,20
7,26
7,10
7,26
7,26
7,30
7,14
7,12
7,24
7,34
7,16
7,20
7,16
7,20
7,18
7,26
7,28
7,10
7,18
7,20
7,24
7,32
7,18
7,22
7,20
7,28
7,24
7,14
7,12
7,18
7,26
7,18
7,10
7,22
7,28
7,22
7,16
7,10
7,18
7,30
7,14
7,24
7,28
7,20
7,24
7,18
7,22
7,16
7,26
7,18
7,32
7,30
7,14
7,20
7,32
7,28
7,12
7,18
7,24
7,22
7,10
7,24
7,18
7,22
7,20
7,6
7,30
7,12
7,34
7,20
7,26
7,18
7,22
7,16
7,10
7,24
7,22
7,18
7,22
7,18
7,24
7,28
7,30
7,20
7,16
7,24
7,22
7,28
7,30
7,18
7,22
7,26
7,28

8,20
8,28
8,34
8,18
8,36
8,32
8,24
8,38
8,26
8,26
8,28
8,32
8,28
8,22
8,26
8,32
8,28
8,40
8,28
8,32
8,42
8,20
8,30
8,14
8,20
8,14
8,34
8,24
8,24
8,32
8,16
8,36
8,44
8,38
8,26
8,22
8,32
8,28
8,20
8,28
8,32
8,32
8,26
8,30
8,38
8,26
8,32
8,16
8,28
8,30
8,20
8,30
8,36
8,28
8,26
8,42
8,34
8,30
8,22
8,30
8,24
8,22
8,32
8,28
8,12
8,26
8,30
8,26
8,28
8,12
8,34
8,30
8,34
8,24
8,30
8,34
8,22
8,26
8,26
8,18
8,24
8,32
8,30
8,32
8,18
8,24
8,16
8,18
8,28
8,40
8,30
8,12
8,16
8,40
8,40
8,40
8,4
8,30
8,28
8,28

9,36
9,30
9,22
9,42
9,48
9,24
9,46
9,42
9,40
9,36
9,46
9,36
9,24
9,50
9,24
9,42
9,50
9,32
9,18
9,46
9,64
9,48
9,44
9,48
9,38
9,26
9,42
9,42
9,40
9,28
9,38
9,30
9,24
9,18
9,26
9,28
9,42
9,40
9,38
9,30
9,40
9,42
9,40
9,40
9,26
9,50
9,24
9,36
9,48
9,32
9,42
9,18
9,44
9,26
9,34
9,40
9,44
9,44
9,36
9,30
9,38
9,38
9,52
9,32
9,34
9,22
9,18
9,28
9,38
9,38
9,22
9,18
9,24
9,20
9,32
9,36
9,32
9,40
9,30
9,40
9,30
9,48
9,40
9,24
9,6
9,14
9,32
9,28
9,44
9,24
9,36
9,42
9,40
9,26
9,24
9,24
9,36
9,32
9,30
9,26

10,58
10,24
10,46
10,46
10,42
10,50
10,34
10,42
10,56
10,46
10,28
10,30
10,40
10,40
10,38
10,24
10,34
10,28
10,48
10,50
10,40
10,48
10,52
10,40
10,46
10,56
10,44
10,24
10,54
10,64
10,50
10,42
10,54
10,50
10,52
10,44
10,38
10,54
10,68
10,68
10,58
10,34
10,50
10,42
10,60
10,56
10,52
10,32
10,46
10,48
10,42
10,50
10,48
10,72
10,36
10,54
10,50
10,38
10,24
10,30
10,38
10,64
10,48
10,50
10,44
10,54
10,58
10,38
10,46
10,54
10,42
10,66
10,34
10,34
10,40
10,42
10,56
10,52
10,28
10,34
10,44
10,52
10,48
10,40
10,52
10,52
10,38
10,48
10,46
10,30
10,56
10,36
10,48
10,32
10,54
10,46
10,50
10,30
10,62
10,44

11,68
11,46
11,52
11,36
11,78
11,34
11,62
11,70
11,52
11,64
11,44
11,62
11,64
11,80
11,60
11,56
11,78
11,62
11,52
11,74
11,40
11,58
11,62
11,42
11,44
11,34
11,66
11,70
11,56
11,44
11,64
11,64
11,88
11,56
11,72
11,48
11,62
11,70
11,54
11,58
11,48
11,66
11,54
11,46
11,54
11,34
11,40
11,42
11,44
11,68
11,46
11,52
11,62
11,60
11,58
11,48
11,54
11,52
11,48
11,46
11,26
11,68
11,42
11,30
11,50
11,50
11,62
11,22
11,36
11,42
11,76
11,56
11,44
11,82
11,64
11,34
11,40
11,54
11,58
11,58
11,70
11,62
11,62
11,42
11,56
11,26
11,58
11,66
11,38
11,50
11,60
11,70
11,36
11,80
11,50
11,56
11,52
11,74
11,56
11,32

12,48
12,40
12,66
12,48
12,58
12,58
12,56
12,96
12,50
12,64
12,70
12,64
12,76
12,98
12,48
12,60
12,76
12,44
12,76
12,84
12,92
12,52
12,74
12,42
12,64
12,84
12,72
12,52
12,54
12,68
12,76
12,64
12,84
12,26
12,72
12,50
12,60
12,62
12,82
12,28
12,80
12,80
12,56
12,66
12,30
12,42
12,58
12,70
12,70
12,58
12,78
12,74
12,54
12,56
12,58
12,48
12,82
12,78
12,80
12,104
12,114
12,70
12,70
12,34
12,44
12,56
12,48
12,30
12,94
12,48
12,56
12,54
12,54
12,78
12,84
12,58
12,66
12,58
12,62
12,32
12,68
12,70
12,52
12,48
12,72
12,60
12,80
12,62
12,70
12,74
12,54
12,64
12,84
12,64
12,60
12,58
12,38
12,64
12,64
12,64

13,78
13,80
13,90
13,80
13,88
13,110
13,72
13,96
13,68
13,66
13,68
13,70
13,70
13,78
13,78
13,70
13,108
13,64
13,80
13,94
13,92
13,52
13,84
13,86
13,92
13,58
13,68
13,34
13,88
13,98
13,86
13,92
13,80
13,82
13,66
13,74
13,72
13,94
13,62
13,110
13,86
13,66
13,76
13,108
13,78
13,104
13,70
13,92
13,68
13,84
13,58
13,92
13,108
13,84
13,118
13,72
13,76
13,94
13,94
13,92
13,74
13,78
13,56
13,48
13,72
13,64
13,90
13,76
13,70
13,102
13,86
13,114
13,72
13,84
13,66
13,92
13,96
13,60
13,82
13,68
13,86
13,110
13,74
13,76
13,58
13,44
13,82
13,80
13,70
13,72
13,90
13,78
13,70
13,82
13,80
13,64
13,78
13,54
13,70
13,38

14,94
14,92
14,86
14,108
14,74
14,104
14,102
14,82
14,132
14,96
14,108
14,58
14,110
14,86
14,74
14,66
14,120
14,128
14,86
14,96
14,72
14,78
14,78
14,96
14,116
14,98
14,84
14,106
14,82
14,86
14,108
14,92
14,42
14,110
14,104
14,84
14,114
14,84
14,74
14,78
14,94
14,126
14,110
14,110
14,106
14,92
14,96
14,102
14,84
14,128
14,72
14,80
14,84
14,70
14,84
14,96
14,118
14,90
14,108
14,90
14,80
14,96
14,94
14,116
14,100
14,98
14,88
14,66
14,64
14,66
14,102
14,90
14,80
14,102
14,72
14,56
14,86
14,62
14,80
14,88
14,76
14,84
14,66
14,82
14,100
14,74
14,98
14,74
14,92
14,84
14,72
14,86
14,96
14,94
14,88
14,70
14,52
14,88
14,74
14,70

15,122
15,124
15,136
15,74
15,96
15,150
15,74
15,102
15,88
15,60
15,82
15,102
15,116
15,102
15,72
15,126
15,116
15,104
15,104
15,98
15,128
15,98
15,86
15,102
15,94
15,116
15,94
15,88
15,126
15,86
15,122
15,96
15,92
15,134
15,104
15,76
15,94
15,80
15,92
15,118
15,94
15,106
15,84
15,106
15,76
15,118
15,94
15,82
15,106
15,62
15,126
15,120
15,86
15,136
15,114
15,92
15,102
15,128
15,100
15,132
15,112
15,118
15,76
15,138
15,92
15,110
15,96
15,64
15,112
15,102
15,110
15,122
15,84
15,132
15,110
15,106
15,120
15,80
15,106
15,96
15,100
15,102
15,88
15,82
15,104
15,108
15,128
15,112
15,120
15,138
15,108
15,108
15,68
15,126
15,130
15,102
15,76
15,106
15,104
15,108

16,110
16,100
16,164
16,138
16,100
16,148
16,102
16,152
16,140
16,124
16,170
16,76
16,160
16,146
16,138
16,104
16,136
16,152
16,128
16,154
16,120
16,122
16,138
16,126
16,146
16,100
16,100
16,112
16,130
16,138
16,144
16,136
16,134
16,148
16,96
16,142
16,138
16,126
16,112
16,106
16,94
16,136
16,130
16,124
16,128
16,74
16,88
16,136
16,108
16,98
16,90
16,134
16,122
16,146
16,72
16,100
16,132
16,130
16,138
16,180
16,94
16,136
16,120
16,92
16,64
16,96
16,116
16,120
16,120
16,132
16,102
16,92
16,148
16,90
16,96
16,142
16,122
16,66
16,106
16,102
16,116
16,106
16,116
16,80
16,128
16,134
16,122
16,134
16,112
16,90
16,178
16,140
16,126
16,104
16,128
16,84
16,144
16,136
16,118
16,134

17,168
17,144
17,146
17,144
17,154
17,120
17,98
17,114
17,162
17,74
17,152
17,122
17,130
17,114
17,148
17,110
17,170
17,110
17,110
17,140
17,110
17,88
17,142
17,88
17,170
17,102
17,100
17,132
17,132
17,120
17,140
17,138
17,130
17,150
17,100
17,102
17,132
17,154
17,148
17,130
17,156
17,98
17,160
17,120
17,132
17,148
17,148
17,90
17,132
17,188
17,120
17,150
17,138
17,108
17,126
17,118
17,130
17,136
17,156
17,136
17,130
17,94
17,166
17,120
17,134
17,158
17,134
17,152
17,140
17,146
17,130
17,144
17,162
17,124
17,130
17,130
17,108
17,116
17,116
17,172
17,162
17,148
17,172
17,142
17,142
17,174
17,130
17,114
17,132
17,92
17,120
17,100
17,140
17,86
17,148
17,118
17,142
17,120
17,138
17,148

18,138
18,168
18,170
18,184
18,120
18,148
18,180
18,124
18,178
18,130
18,96
18,164
18,130
18,166
18,182
18,152
18,130
18,142
18,172
18,152
18,172
18,148
18,110
18,178
18,148
18,180
18,136
18,146
18,170
18,170
18,160
18,162
18,152
18,114
18,186
18,186
18,148
18,114
18,106
18,146
18,160
18,168
18,172
18,130
18,158
18,138
18,126
18,104
18,118
18,108
18,130
18,174
18,174
18,154
18,144
18,164
18,204
18,164
18,124
18,178
18,160
18,86
18,150
18,170
18,172
18,208
18,156
18,98
18,180
18,164
18,166
18,184
18,160
18,128
18,218
18,160
18,172
18,124
18,116
18,130
18,186
18,114
18,172
18,128
18,128
18,196
18,174
18,160
18,122
18,106
18,106
18,160
18,148
18,192
18,128
18,194
18,90
18,126
18,166
18,136

19,156
19,162
19,196
19,148
19,172
19,182
19,212
19,216
19,174
19,116
19,168
19,192
19,204
19,168
19,178
19,206
19,204
19,160
19,194
19,154
19,122
19,198
19,174
19,220
19,172
19,124
19,142
19,212
19,170
19,122
19,180
19,158
19,178
19,148
19,180
19,110
19,148
19,166
19,192
19,138
19,104
19,216
19,200
19,182
19,158
19,190
19,242
19,212
19,190
19,128
19,196
19,190
19,160
19,236
19,194
19,158
19,146
19,166
19,186
19,180
19,170
19,144
19,136
19,150
19,182
19,150
19,160
19,118
19,172
19,146
19,174
19,194
19,180
19,136
19,168
19,142
19,196
19,136
19,156
19,166
19,158
19,222
19,134
19,166
19,194
19,130
19,120
19,172
19,142
19,134
19,208
19,122
19,206
19,198
19,128
19,160
19,234
19,236
19,176
19,142

20,170
20,168
20,192
20,148
20,162
20,212
20,150
20,208
20,214
20,196
20,182
20,170
20,168
20,238
20,240
20,154
20,198
20,182
20,242
20,176
20,156
20,206
20,136
20,262
20,208
20,168
20,188
20,156
20,228
20,210
20,146
20,164
20,252
20,180
20,180
20,274
20,158
20,176
20,150
20,174
20,232
20,254
20,166
20,186
20,190
20,168
20,190
20,248
20,220
20,216
20,160
20,214
20,194
20,232
20,138
20,212
20,174
20,186
20,174
20,154
20,170
20,252
20,210
20,226
20,198
20,212
20,208
20,202
20,218
20,222
20,198
20,230
20,166
20,178
20,170
20,214
20,196
20,198
20,214
20,198
20,116
20,154
20,214
20,302
20,152
20,234
20,182
20,196
20,218
20,178
20,244
20,206
20,146
20,162
20,190
20,220
20,172
20,194
20,186
20,178

21,202
21,148
21,160
21,184
21,178
21,216
21,220
21,208
21,214
21,182
21,216
21,172
21,150
21,172
21,170
21,216
21,190
21,194
21,240
21,188
21,184
21,204
21,266
21,244
21,160
21,210
21,244
21,192
21,164
21,176
21,276
21,242
21,200
21,218
21,204
21,180
21,202
21,234
21,180
21,174
21,206
21,186
21,220
21,182
21,230
21,194
21,192
21,174
21,170
21,288
21,176
21,248
21,248
21,266
21,192
21,166
21,200
21,266
21,248
21,164
21,166
21,188
21,192
21,218
21,204
21,246
21,250
21,270
21,180
21,208
21,244
21,210
21,312
21,282
21,252
21,190
21,204
21,194
21,174
21,156
21,220
21,230
21,200
21,174
21,208
21,226
21,206
21,294
21,192
21,204
21,216
21,244
21,196
21,194
21,298
21,182
21,246
21,182
21,218
21,208

22,276
22,284
22,292
22,168
22,230
22,228
22,244
22,244
22,286
22,202
22,162
22,216
22,232
22,190
22,230
22,212
22,252
22,240
22,314
22,196
22,220
22,246
22,290
22,280
22,210
22,228
22,246
22,146
22,226
22,240
22,268
22,224
22,208
22,270
22,270
22,214
22,238
22,206
22,212
22,288
22,178
22,208
22,264
22,248
22,236
22,214
22,160
22,244
22,210
22,276
22,264
22,252
22,258
22,234
22,174
22,250
22,248
22,202
22,270
22,204
22,186
22,208
22,252
22,288
22,278
22,182
22,274
22,260
22,248
22,278
22,202
22,292
22,244
22,210
22,272
22,236
22,244
22,222
22,216
22,198
22,238
22,180
22,196
22,266
22,178
22,200
22,204
22,252
22,148
22,204
22,282
22,256
22,168
22,230
22,284
22,162
22,208
22,308
22,238
22,258

23,244
23,284
23,212
23,210
23,310
23,256
23,282
23,264
23,302
23,268
23,238
23,284
23,266
23,188
23,240
23,216
23,274
23,212
23,254
23,286
23,314
23,288
23,242
23,280
23,276
23,248
23,242
23,212
23,310
23,248
23,316
23,192
23,238
23,246
23,262
23,266
23,258
23,268
23,236
23,238
23,258
23,250
23,232
23,272
23,268
23,206
23,232
23,276
23,178
23,272
23,236
23,284
23,256
23,246
23,204
23,198
23,308
23,246
23,264
23,246
23,308
23,282
23,298
23,170
23,232
23,160
23,246
23,240
23,226
23,356
23,232
23,238
23,228
23,266
23,218
23,204
23,248
23,238
23,288
23,222
23,208
23,260
23,250
23,192
23,232
23,200
23,260
23,314
23,160
23,350
23,262
23,262
23,242
23,222
23,216
23,300
23,276
23,248
23,262
23,190

24,360
24,330
24,280
24,288
24,284
24,240
24,216
24,384
24,272
24,250
24,276
24,364
24,340
24,272
24,234
24,306
24,260
24,278
24,208
24,292
24,298
24,268
24,322
24,296
24,278
24,258
24,198
24,284
24,218
24,258
24,358
24,260
24,224
24,320
24,246
24,252
24,246
24,312
24,272
24,296
24,252
24,310
24,286
24,254
24,344
24,240
24,310
24,292
24,252
24,266
24,300
24,266
24,306
24,300
24,282
24,274
24,240
24,294
24,298
24,314
24,276
24,248
24,290
24,284
24,268
24,244
24,292
24,278
24,254
24,256
24,360
24,284
24,246
24,252
24,322
24,304
24,264
24,248
24,180
24,354
24,272
24,370
24,236
24,236
24,286
24,278
24,246
24,290
24,290
24,320
24,260
24,220
24,260
24,218
24,256
24,296
24,314
24,282
24,238
24,288

25,328
25,246
25,368
25,316
25,290
25,296
25,368
25,356
25,280
25,306
25,300
25,282
25,264
25,266
25,310
25,344
25,334
25,294
25,258
25,318
25,346
25,274
25,258
25,336
25,248
25,360
25,388
25,308
25,278
25,206
25,302
25,292
25,306
25,258
25,302
25,296
25,302
25,186
25,330
25,378
25,336
25,324
25,356
25,322
25,278
25,340
25,326
25,288
25,280
25,264
25,378
25,270
25,242
25,326
25,362
25,356
25,312
25,296
25,304
25,296
25,370
25,374
25,396
25,368
25,310
25,314
25,340
25,324
25,338
25,226
25,298
25,264
25,244
25,306
25,314
25,336
25,194
25,308
25,290
25,290
25,316
25,314
25,258
25,362
25,252
25,264
25,306
25,280
25,284
25,274
25,312
25,294
25,322
25,286
25,214
25,298
25,340
25,352
25,374
25,324

26,352
26,310
26,292
26,364
26,284
26,324
26,266
26,386
26,306
26,332
26,412
26,346
26,262
26,384
26,342
26,326
26,328
26,342
26,306
26,356
26,384
26,336
26,360
26,318
26,306
26,266
26,328
26,324
26,266
26,336
26,370
26,320
26,180
26,252
26,366
26,252
26,284
26,250
26,292
26,304
26,346
26,318
26,364
26,342
26,288
26,324
26,320
26,216
26,374
26,282
26,318
26,346
26,376
26,404
26,332
26,334
26,294
26,356
26,300
26,312
26,312
26,330
26,280
26,380
26,246
26,282
26,418
26,342
26,386
26,308
26,310
26,400
26,332
26,208
26,312
26,336
26,364
26,338
26,292
26,380
26,246
26,344
26,246
26,402
26,332
26,388
26,430
26,338
26,296
26,276
26,314
26,272
26,318
26,328
26,336
26,338
26,332
26,308
26,404
26,338

27,354
27,312
27,340
27,346
27,336
27,396
27,396
27,392
27,412
27,350
27,364
27,358
27,334
27,350
27,344
27,336
27,454
27,386
27,388
27,344
27,320
27,326
27,358
27,326
27,358
27,382
27,380
27,432
27,318
27,400
27,394
27,394
27,332
27,284
27,280
27,414
27,354
27,360
27,390
27,352
27,372
27,396
27,334
27,258
27,374
27,286
27,308
27,348
27,272
27,370
27,312
27,396
27,424
27,384
27,386
27,298
27,264
27,326
27,434
27,300
27,346
27,442
27,368
27,346
27,348
27,374
27,314
27,402
27,344
27,406
27,352
27,370
27,380
27,290
27,386
27,356
27,280
27,270
27,290
27,346
27,338
27,310
27,356
27,406
27,316
27,416
27,346
27,292
27,378
27,316
27,320
27,310
27,368
27,308
27,376
27,374
27,356
27,328
27,388
27,372

28,296
28,426
28,390
28,354
28,380
28,440
28,476
28,370
28,362
28,404
28,398
28,410
28,380
28,360
28,368
28,404
28,342
28,386
28,434
28,328
28,446
28,436
28,416
28,454
28,426
28,356
28,422
28,392
28,402
28,300
28,458
28,438
28,404
28,328
28,376
28,334
28,390
28,318
28,328
28,360
28,420
28,418
28,418
28,304
28,448
28,404
28,348
28,382
28,428
28,400
28,388
28,396
28,376
28,404
28,422
28,418
28,364
28,484
28,320
28,324
28,334
28,284
28,336
28,406
28,422
28,418
28,434
28,434
28,404
28,416
28,296
28,328
28,380
28,416
28,386
28,378
28,296
28,448
28,406
28,402
28,458
28,340
28,300
28,414
28,300
28,320
28,426
28,428
28,332
28,344
28,404
28,438
28,304
28,344
28,278
28,352
28,350
28,352
28,378
28,342

29,434
29,428
29,368
29,362
29,446
29,480
29,502
29,504
29,334
29,416
29,386
29,376
29,410
29,444
29,404
29,400
29,516
29,454
29,332
29,378
29,392
29,440
29,430
29,364
29,398
29,508
29,324
29,326
29,348
29,346
29,446
29,430
29,370
29,360
29,420
29,374
29,404
29,470
29,392
29,374
29,426
29,428
29,350
29,394
29,424
29,320
29,266
29,488
29,526
29,378
29,372
29,350
29,374
29,426
29,446
29,366
29,390
29,332
29,382
29,426
29,540
29,314
29,460
29,492
29,572
29,368
29,404
29,418
29,322
29,482
29,434
29,442
29,380
29,432
29,340
29,352
29,500
29,406
29,408
29,382
29,444
29,426
29,492
29,388
29,478
29,474
29,346
29,418
29,472
29,322
29,428
29,408
29,360
29,450
29,432
29,448
29,310
29,370
29,352
29,354

30,494
30,496
30,386
30,458
30,460
30,328
30,412
30,516
30,444
30,460
30,464
30,438
30,450
30,488
30,486
30,356
30,410
30,478
30,590
30,496
30,366
30,470
30,508
30,356
30,510
30,450
30,418
30,524
30,498
30,406
30,474
30,346
30,418
30,424
30,422
30,446
30,416
30,406
30,326
30,482
30,400
30,420
30,454
30,396
30,382
30,452
30,320
30,386
30,440
30,486
30,420
30,486
30,356
30,452
30,384
30,496
30,442
30,418
30,422
30,478
30,424
30,450
30,460
30,368
30,464
30,386
30,550
30,420
30,454
30,456
30,458
30,446
30,496
30,382
30,364
30,402
30,510
30,576
30,310
30,432
30,490
30,408
30,466
30,444
30,438
30,454
30,448
30,438
30,386
30,476
30,420
30,488
30,374
30,456
30,356
30,418
30,454
30,390
30,406
30,424

31,448
31,526
31,428
31,276
31,540
31,522
31,392
31,478
31,482
31,496
31,458
31,464
31,400
31,584
31,466
31,258
31,586
31,420
31,384
31,366
31,466
31,472
31,422
31,368
31,450
31,428
31,486
31,430
31,502
31,466
31,482
31,488
31,468
31,424
31,392
31,414
31,432
31,454
31,424
31,438
31,508
31,422
31,502
31,466
31,510
31,444
31,430
31,526
31,484
31,478
31,374
31,448
31,482
31,520
31,418
31,556
31,438
31,422
31,436
31,368
31,460
31,420
31,446
31,468
31,472
31,444
31,456
31,480
31,476
31,458
31,492
31,422
31,510
31,536
31,412
31,370
31,444
31,430
31,468
31,486
31,510
31,532
31,494
31,578
31,498
31,464
31,444
31,472
31,402
31,438
31,548
31,444
31,476
31,480
31,500
31,526
31,506
31,362
31,600
31,502

32,444
32,492
32,474
32,510
32,572
32,562
32,420
32,400
32,508
32,504
32,476
32,512
32,500
32,494
32,424
32,408
32,588
32,574
32,562
32,384
32,474
32,488
32,484
32,432
32,546
32,432
32,482
32,546
32,542
32,664
32,582
32,494
32,538
32,522
32,448
32,510
32,538
32,482
32,496
32,570
32,528
32,532
32,492
32,596
32,512
32,648
32,490
32,382
32,534
32,550
32,442
32,422
32,324
32,370
32,544
32,472
32,434
32,496
32,528
32,616
32,454
32,492
32,528
32,424
32,460
32,494
32,474
32,446
32,466
32,526
32,398
32,452
32,452
32,408
32,516
32,382
32,460
32,490
32,492
32,560
32,538
32,482
32,430
32,508
32,436
32,484
32,594
32,392
32,444
32,576
32,496
32,396
32,460
32,526
32,482
32,492
32,444
32,502
32,580
32,526

33,532
33,620
33,484
33,508
33,478
33,490
33,428
33,412
33,504
33,522
33,474
33,402
33,382
33,500
33,604
33,644
33,606
33,522
33,456
33,538
33,368
33,550
33,628
33,632
33,484
33,600
33,470
33,480
33,488
33,510
33,502
33,584
33,530
33,530
33,522
33,498
33,462
33,470
33,496
33,544
33,478
33,524
33,564
33,450
33,602
33,560
33,434
33,560
33,448
33,518
33,586
33,592
33,518
33,426
33,514
33,578
33,598
33,530
33,652
33,524
33,486
33,486
33,442
33,484
33,542
33,440
33,518
33,570
33,628
33,518
33,508
33,470
33,586
33,510
33,526
33,524
33,462
33,480
33,424
33,580
33,568
33,394
33,596
33,422
33,506
33,492
33,648
33,468
33,418
33,476
33,500
33,560
33,530
33,540
33,608
33,624
33,470
33,526
33,504
33,604

34,496
34,458
34,420
34,450
34,470
34,428
34,532
34,608
34,674
34,506
34,728
34,536
34,464
34,460
34,488
34,724
34,484
34,512
34,430
34,586
34,552
34,598
34,540
34,468
34,444
34,540
34,544
34,594
34,590
34,634
34,528
34,674
34,530
34,514
34,586
34,630
34,502
34,628
34,642
34,698
34,500
34,530
34,582
34,592
34,548
34,492
34,528
34,554
34,530
34,414
34,612
34,530
34,490
34,588
34,480
34,562
34,520
34,610
34,478
34,644
34,530
34,442
34,622
34,454
34,648
34,550
34,508
34,586
34,614
34,570
34,648
34,632
34,574
34,534
34,554
34,598
34,706
34,626
34,578
34,604
34,572
34,600
34,732
34,538
34,668
34,474
34,558
34,486
34,552
34,484
34,622
34,570
34,492
34,594
34,574
34,570
34,626
34,488
34,672
34,526

35,572
35,576
35,568
35,606
35,640
35,520
35,524
35,598
35,666
35,606
35,560
35,592
35,546
35,716
35,540
35,510
35,630
35,542
35,596
35,542
35,530
35,658
35,528
35,656
35,622
35,586
35,568
35,628
35,560
35,598
35,594
35,682
35,418
35,526
35,562
35,682
35,506
35,610
35,558
35,562
35,590
35,532
35,660
35,746
35,576
35,646
35,520
35,638
35,522
35,640
35,646
35,610
35,610
35,606
35,682
35,692
35,624
35,626
35,558
35,616
35,560
35,536
35,598
35,600
35,598
35,554
35,676
35,640
35,674
35,584
35,498
35,592
35,652
35,588
35,590
35,602
35,616
35,610
35,598
35,552
35,614
35,602
35,616
35,518
35,502
35,540
35,570
35,630
35,508
35,556
35,656
35,562
35,656
35,562
35,386
35,684
35,606
35,674
35,568
35,576

36,622
36,524
36,620
36,482
36,688
36,758
36,684
36,552
36,608
36,684
36,644
36,696
36,660
36,708
36,614
36,628
36,690
36,614
36,650
36,604
36,700
36,588
36,568
36,596
36,672
36,608
36,608
36,618
36,568
36,640
36,550
36,552
36,576
36,532
36,616
36,608
36,594
36,588
36,724
36,688
36,604
36,624
36,686
36,698
36,654
36,502
36,730
36,650
36,640
36,618
36,644
36,684
36,544
36,702
36,646
36,616
36,622
36,680
36,772
36,692
36,722
36,662
36,548
36,684
36,620
36,430
36,644
36,638
36,680
36,556
36,488
36,594
36,586
36,590
36,622
36,724
36,734
36,680
36,660
36,702
36,610
36,496
36,664
36,688
36,542
36,698
36,608
36,606
36,488
36,672
36,706
36,686
36,646
36,604
36,690
36,650
36,672
36,702
36,618
36,628

37,696
37,800
37,572
37,732
37,650
37,590
37,794
37,630
37,742
37,654
37,694
37,660
37,592
37,480
37,804
37,640
37,634
37,738
37,730
37,744
37,704
37,664
37,626
37,664
37,668
37,714
37,634
37,656
37,644
37,826
37,630
37,668
37,578
37,582
37,652
37,586
37,684
37,750
37,758
37,630
37,724
37,584
37,860
37,694
37,790
37,692
37,778
37,806
37,602
37,714
37,618
37,510
37,602
37,722
37,848
37,656
37,722
37,740
37,672
37,698
37,692
37,686
37,732
37,670
37,666
37,598
37,686
37,666
37,830
37,608
37,534
37,582
37,640
37,776
37,716
37,686
37,650
37,712
37,750
37,566
37,720
37,756
37,702
37,700
37,710
37,612
37,644
37,786
37,650
37,638
37,762
37,760
37,764
37,762
37,562
37,616
37,690
37,608
37,684
37,608

38,656
38,710
38,694
38,542
38,808
38,760
38,726
38,806
38,768
38,742
38,706
38,736
38,642
38,612
38,708
38,678
38,826
38,672
38,674
38,674
38,640
38,832
38,590
38,594
38,750
38,682
38,706
38,598
38,718
38,700
38,602
38,770
38,680
38,736
38,710
38,780
38,706
38,658
38,616
38,734
38,678
38,664
38,704
38,772
38,738
38,808
38,652
38,778
38,758
38,642
38,726
38,676
38,710
38,722
38,712
38,616
38,718
38,590
38,646
38,676
38,772
38,824
38,690
38,648
38,596
38,730
38,770
38,780
38,538
38,766
38,618
38,788
38,632
38,666
38,666
38,716
38,764
38,716
38,686
38,682
38,658
38,744
38,690
38,664
38,584
38,768
38,600
38,656
38,894
38,650
38,752
38,536
38,580
38,608
38,944
38,614
38,772
38,624
38,734
38,656

39,778
39,642
39,688
39,656
39,758
39,810
39,820
39,642
39,684
39,834
39,764
39,760
39,750
39,848
39,600
39,654
39,890
39,728
39,828
39,994
39,758
39,710
39,894
39,746
39,812
39,768
39,840
39,552
39,756
39,642
39,658
39,672
39,746
39,798
39,950
39,850
39,660
39,728
39,770
39,706
39,648
39,796
39,668
39,920
39,718
39,698
39,730
39,762
39,774
39,872
39,656
39,622
39,594
39,760
39,712
39,704
39,650
39,818
39,728
39,694
39,590
39,788
39,772
39,716
39,712
39,728
39,586
39,702
39,728
39,648
39,692
39,794
39,660
39,642
39,784
39,722
39,644
39,754
39,646
39,994
39,686
39,816
39,670
39,734
39,718
39,836
39,770
39,732
39,750
39,804
39,670
39,928
39,720
39,710
39,866
39,714
39,820
39,840
39,616
39,702

40,840
40,864
40,712
40,852
40,778
40,844
40,832
40,926
40,802
40,660
40,840
40,668
40,720
40,938
40,780
40,680
40,704
40,746
40,708
40,842
40,792
40,648
40,824
40,710
40,812
40,744
40,904
40,762
40,824
40,760
40,802
40,878
40,640
40,806
40,666
40,824
40,880
40,724
40,746
40,866
40,782
40,802
40,644
40,806
40,844
40,826
40,828
40,826
40,816
40,570
40,922
40,800
40,924
40,730
40,752
40,628
40,880
40,944
40,746
40,850
40,824
40,546
40,832
40,756
40,644
40,740
40,880
40,850
40,838
40,718
40,790
40,894
40,760
40,642
40,792
40,860
40,932
40,794
40,774
40,722
40,806
40,816
40,684
40,804
40,768
40,796
40,764
40,904
40,736
40,786
40,654
40,804
40,808
40,680
40,906
40,754
40,858
40,832
40,984
40,782

41,960
41,760
41,946
41,784
41,802
41,884
41,706
41,828
41,1040
41,1038
41,796
41,902
41,746
41,984
41,842
41,820
41,878
41,838
41,732
41,726
41,802
41,732
41,820
41,866
41,764
41,940
41,924
41,850
41,752
41,1028
41,804
41,664
41,912
41,732
41,810
41,750
41,756
41,950
41,800
41,692
41,868
41,918
41,762
41,862
41,688
41,806
41,922
41,718
41,816
41,778
41,886
41,962
41,722
41,764
41,928
41,794
41,850
41,862
41,884
41,848
41,716
41,682
41,760
41,902
41,764
41,792
41,838
41,912
41,842
41,752
41,702
41,818
41,856
41,838
41,810
41,872
41,748
41,764
41,684
41,720
41,862
41,668
41,872
41,818
41,872
41,694
41,656
41,894
41,720
41,888
41,666
41,742
41,802
41,984
41,918
41,842
41,672
41,670
41,856
41,676

42,954
42,870
42,816
42,876
42,866
42,862
42,990
42,748
42,726
42,840
42,766
42,978
42,762
42,766
42,678
42,638
42,760
42,856
42,848
42,844
42,820
42,838
42,850
42,854
42,1062
42,896
42,874
42,946
42,970
42,890
42,824
42,960
42,1020
42,832
42,732
42,748
42,988
42,866
42,836
42,818
42,830
42,830
42,716
42,900
42,882
42,1066
42,960
42,1032
42,750
42,836
42,868
42,778
42,766
42,914
42,938
42,854
42,952
42,1072
42,938
42,818
42,748
42,1038
42,672
42,728
42,922
42,688
42,900
42,782
42,908
42,872
42,1098
42,896
42,902
42,800
42,826
42,990
42,788
42,850
42,898
42,658
42,798
42,872
42,1014
42,854
42,848
42,752
42,848
42,858
42,890
42,902
42,826
42,722
42,840
42,760
42,932
42,854
42,920
42,870
42,846
42,722

43,864
43,950
43,764
43,908
43,1030
43,1036
43,954
43,988
43,1010
43,1056
43,954
43,890
43,906
43,642
43,862
43,874
43,844
43,922
43,810
43,974
43,822
43,812
43,922
43,792
43,1042
43,966
43,820
43,998
43,1030
43,696
43,972
43,826
43,936
43,846
43,898
43,958
43,948
43,924
43,950
43,940
43,870
43,742
43,984
43,898
43,918
43,748
43,904
43,978
43,902
43,826
43,850
43,1008
43,868
43,940
43,952
43,1042
43,930
43,910
43,840
43,964
43,1052
43,884
43,898
43,1006
43,1042
43,870
43,982
43,766
43,1002
43,838
43,712
43,856
43,808
43,746
43,962
43,892
43,978
43,1010
43,684
43,852
43,892
43,910
43,802
43,1008
43,850
43,912
43,992
43,966
43,948
43,894
43,1064
43,870
43,728
43,930
43,852
43,782
43,876
43,808
43,736
43,894

44,878
44,758
44,894
44,1176
44,826
44,728
44,1066
44,808
44,938
44,970
44,906
44,1006
44,1020
44,862
44,900
44,798
44,1068
44,986
44,926
44,1036
44,1120
44,818
44,980
44,732
44,948
44,906
44,930
44,1018
44,1020
44,862
44,860
44,940
44,998
44,908
44,1104
44,842
44,742
44,1056
44,908
44,912
44,866
44,942
44,856
44,1154
44,928
44,1094
44,1102
44,1014
44,908
44,1058
44,758
44,806
44,1096
44,816
44,1102
44,778
44,1032
44,880
44,792
44,850
44,1156
44,644
44,888
44,884
44,1062
44,874
44,752
44,834
44,990
44,670
44,1116
44,944
44,676
44,1060
44,864
44,1112
44,902
44,788
44,1020
44,932
44,1010
44,870
44,1090
44,906
44,986
44,808
44,892
44,950
44,1094
44,830
44,852
44,1158
44,1128
44,870
44,844
44,1098
44,984
44,992
44,972
44,830

45,926
45,898
45,1146
45,1096
45,854
45,996
45,1052
45,882
45,914
45,842
45,1224
45,946
45,1160
45,1084
45,1096
45,982
45,982
45,964
45,1214
45,988
45,1192
45,1032
45,868
45,1020
45,948
45,1104
45,1072
45,1030
45,946
45,992
45,1052
45,942
45,1106
45,976
45,1080
45,1080
45,942
45,1042
45,1114
45,978
45,802
45,980
45,1102
45,1058
45,1042
45,1088
45,940
45,944
45,896
45,904
45,818
45,954
45,1054
45,908
45,1018
45,920
45,984
45,858
45,1084
45,1030
45,1002
45,866
45,1012
45,1006
45,1114
45,1086
45,976
45,988
45,1032
45,1098
45,1084
45,992
45,1036
45,1110
45,1044
45,874
45,980
45,1078
45,924
45,1224
45,816
45,970
45,856
45,946
45,1144
45,1060
45,1044
45,838
45,958
45,776
45,1038
45,1152
45,1040
45,1080
45,1144
45,918
45,860
45,910
45,1054
45,1066

46,1088
46,1158
46,1120
46,1102
46,1082
46,1074
46,820
46,1260
46,854
46,976
46,1090
46,1044
46,1004
46,1044
46,916
46,1102
46,1050
46,1038
46,984
46,1064
46,1280
46,1012
46,940
46,1092
46,1154
46,1116
46,908
46,1112
46,982
46,1090
46,990
46,940
46,1180
46,924
46,1166
46,1174
46,988
46,1058
46,1058
46,942
46,874
46,1022
46,930
46,902
46,960
46,996
46,998
46,986
46,1176
46,1176
46,870
46,1050
46,1054
46,1086
46,1198
46,1070
46,988
46,1158
46,1042
46,956
46,890
46,832
46,1050
46,876
46,1122
46,922
46,1156
46,894
46,1078
46,1060
46,1132
46,1072
46,960
46,982
46,1090
46,1126
46,1074
46,982
46,1014
46,1136
46,888
46,878
46,1104
46,994
46,998
46,1196
46,1080
46,1116
46,856
46,1116
46,1064
46,1210
46,944
46,926
46,844
46,1012
46,844
46,1160
46,1046
46,1058

47,1184
47,1168
47,1032
47,1240
47,1072
47,1196
47,1234
47,1068
47,1046
47,1146
47,944
47,1030
47,1060
47,948
47,1302
47,890
47,1140
47,1300
47,1124
47,994
47,1024
47,1134
47,1194
47,1008
47,1110
47,1190
47,1178
47,1002
47,1126
47,1102
47,1158
47,1082
47,1204
47,1090
47,1280
47,978
47,1122
47,1008
47,1248
47,1180
47,1336
47,998
47,902
47,1020
47,968
47,1010
47,1108
47,1018
47,1090
47,1062
47,1298
47,790
47,972
47,1112
47,1138
47,1000
47,944
47,1096
47,1136
47,1126
47,1090
47,1184
47,1040
47,1124
47,1076
47,1014
47,974
47,1060
47,1144
47,1238
47,1124
47,996
47,1062
47,1090
47,864
47,976
47,1184
47,1002
47,1156
47,1188
47,958
47,1002
47,1184
47,910
47,1202
47,1216
47,1146
47,1092
47,1120
47,1028
47,1116
47,1104
47,1146
47,1096
47,1168
47,1162
47,992
47,980
47,1184
47,982

48,1202
48,1208
48,1078
48,1040
48,1044
48,1236
48,1092
48,1240
48,1108
48,1234
48,1018
48,1244
48,1200
48,1426
48,932
48,1168
48,926
48,1008
48,1030
48,1148
48,1288
48,1308
48,1352
48,1018
48,1204
48,1044
48,1270
48,1100
48,1088
48,1050
48,1084
48,1126
48,1192
48,1206
48,1160
48,1240
48,1048
48,922
48,1070
48,1138
48,1092
48,1146
48,1048
48,1228
48,1030
48,1126
48,1102
48,1058
48,1298
48,1154
48,1122
48,1222
48,968
48,1182
48,1142
48,1282
48,1076
48,1152
48,1056
48,1152
48,1100
48,1154
48,1014
48,976
48,1212
48,1190
48,1196
48,1146
48,1452
48,1108
48,1276
48,1144
48,1162
48,1148
48,1126
48,1100
48,1222
48,1032
48,1134
48,1038
48,968
48,1222
48,1306
48,1070
48,938
48,1014
48,1260
48,1060
48,1002
48,1388
48,1030
48,1118
48,1012
48,1140
48,1092
48,916
48,1150
48,1224
48,906
48,1050

49,1284
49,1000
49,1148
49,1202
49,1030
49,1180
49,1140
49,1162
49,1160
49,1112
49,1146
49,1446
49,962
49,1154
49,1234
49,1146
49,1234
49,1310
49,1192
49,1392
49,1024
49,1264
49,1304
49,1258
49,1116
49,1320
49,1126
49,1296
49,988
49,1236
49,1294
49,1130
49,1148
49,1308
49,1262
49,1056
49,1228
49,1450
49,1336
49,1062
49,1256
49,1202
49,1186
49,1070
49,1064
49,1478
49,1178
49,1386
49,1240
49,1336
49,1258
49,1158
49,1218
49,1288
49,1166
49,1284
49,1324
49,1484
49,1214
49,1216
49,1198
49,1248
49,1000
49,1104
49,1102
49,1142
49,1260
49,1012
49,1148
49,1252
49,1304
49,1356
49,1226
49,1290
49,1374
49,1168
49,1380
49,1252
49,1134
49,1168
49,1360
49,1204
49,1342
49,1100
49,1188
49,1168
49,1038
49,1062
49,1126
49,1376
49,1338
49,1116
49,1086
49,1002
49,954
49,976
49,1096
49,1142
49,1162
49,1052

50,1190
50,1186
50,1318
50,1342
50,1356
50,1124
50,1162
50,1170
50,1318
50,1384
50,950
50,1022
50,1212
50,1416
50,1200
50,1454
50,1220
50,1356
50,1014
50,1112
50,1156
50,1244
50,1404
50,1206
50,1010
50,1262
50,1382
50,1320
50,1240
50,1218
50,1338
50,1178
50,1206
50,1268
50,1036
50,1480
50,1024
50,1316
50,1258
50,1192
50,1186
50,1190
50,1022
50,1214
50,1280
50,1136
50,1240
50,1298
50,1328
50,1302
50,1220
50,1198
50,1232
50,1270
50,1310
50,1138
50,1248
50,1306
50,1340
50,1292
50,1120
50,1220
50,992
50,1190
50,1158
50,1346
50,1348
50,1206
50,1084
50,1404
50,1196
50,964
50,1180
50,1174
50,1316
50,1292
50,1186
50,1194
50,1278
50,1086
50,1402
50,1386
50,1346
50,1062
50,1292
50,1290
50,1190
50,1410
50,1192
50,1294
50,1422
50,1234
50,1416
50,1122
50,1290
50,1350
50,1416
50,1176
50,1160
50,1240

51,1168
51,1190
51,1540
51,1264
51,1276
51,1224
51,1352
51,1270
51,1092
51,1300
51,1412
51,1368
51,1254
51,1178
51,1294
51,1246
51,1350
51,1538
51,1254
51,1356
51,1400
51,1196
51,1206
51,1204
51,1196
51,1088
51,1160
51,1522
51,1180
51,1138
51,1274
51,1282
51,1072
51,1384
51,1430
51,1270
51,1438
51,1380
51,1128
51,1318
51,1088
51,1380
51,1264
51,1382
51,1344
51,1054
51,1168
51,1450
51,1062
51,1236
51,1174
51,1312
51,1228
51,1428
51,1562
51,1044
51,1324
51,1268
51,1244
51,1164
51,1224
51,1246
51,1216
51,1220
51,1364
51,1054
51,1116
51,1262
51,1374
51,1532
51,1248
51,1272
51,1272
51,1420
51,1524
51,1190
51,1310
51,1256
51,1616
51,1234
51,1274
51,1342
51,1266
51,1436
51,1468
51,1532
51,1096
51,1392
51,1386
51,1290
51,1226
51,1186
51,1082
51,1256
51,1376
51,1030
51,1302
51,1378
51,1316
51,1406

52,1392
52,1204
52,1434
52,1362
52,1240
52,1102
52,1440
52,1264
52,1220
52,1318
52,1384
52,1426
52,1234
52,1156
52,1232
52,1312
52,1264
52,1396
52,1382
52,1138
52,1258
52,1298
52,1322
52,1134
52,1290
52,1366
52,1268
52,1322
52,1130
52,1364
52,1374
52,1334
52,1248
52,1084
52,1198
52,1304
52,1298
52,1168
52,1382
52,1384
52,1372
52,1208
52,1318
52,1404
52,1578
52,1418
52,1614
52,1348
52,1534
52,1518
52,1358
52,1398
52,1360
52,1392
52,1264
52,1476
52,1110
52,1492
52,1152
52,1270
52,1308
52,1366
52,1116
52,1114
52,1340
52,1394
52,1358
52,1258
52,1350
52,1416
52,1548
52,1378
52,1420
52,1146
52,986
52,1382
52,1332
52,1286
52,1090
52,1258
52,1302
52,1348
52,1142
52,1554
52,1350
52,1246
52,1342
52,1328
52,1360
52,1600
52,1224
52,1344
52,1332
52,1086
52,1308
52,1540
52,1128
52,1548
52,1240
52,1040

53,1336
53,1574
53,1608
53,1300
53,1504
53,1380
53,1160
53,1344
53,1332
53,1418
53,1238
53,1474
53,1480
53,1182
53,1440
53,1244
53,1204
53,1514
53,1230
53,1338
53,1154
53,1396
53,1294
53,1316
53,1426
53,1532
53,1378
53,1352
53,1100
53,1468
53,1310
53,1346
53,1194
53,992
53,1446
53,1160
53,1538
53,1506
53,1622
53,1422
53,1504
53,1562
53,1308
53,1410
53,1560
53,1316
53,1270
53,1386
53,1338
53,1324
53,1290
53,1292
53,1258
53,1442
53,1346
53,1530
53,1288
53,1390
53,1420
53,1372
53,1348
53,1522
53,1382
53,1586
53,1234
53,1104
53,1188
53,1278
53,1348
53,1436
53,1232
53,1330
53,1338
53,1302
53,1272
53,1316
53,1358
53,1458
53,1740
53,1382
53,1568
53,1364
53,1480
53,1446
53,1364
53,1424
53,1294
53,1598
53,1402
53,1164
53,1530
53,1498
53,1506
53,1562
53,1482
53,1256
53,1358
53,1476
53,1466
53,1372

54,1346
54,1448
54,1384
54,1370
54,1648
54,1550
54,1680
54,1416
54,1472
54,1566
54,1360
54,1472
54,1000
54,1478
54,1562
54,1498
54,1232
54,1216
54,1276
54,1728
54,1438
54,1936
54,1450
54,1222
54,1424
54,1468
54,1714
54,1756
54,1366
54,1388
54,1556
54,1044
54,1388
54,1510
54,1254
54,1382
54,1428
54,1490
54,1544
54,1442
54,1398
54,1660
54,1594
54,1416
54,1574
54,1636
54,1564
54,1296
54,1378
54,1078
54,1388
54,1336
54,1482
54,1482
54,1356
54,1408
54,1606
54,1326
54,1408
54,1542
54,1226
54,1130
54,1342
54,1592
54,1616
54,1122
54,1266
54,1466
54,1536
54,1620
54,1390
54,1286
54,1396
54,1398
54,1412
54,1832
54,1262
54,1160
54,1552
54,1426
54,1304
54,1014
54,1360
54,1254
54,1398
54,1286
54,1644
54,1458
54,1374
54,1624
54,1382
54,1296
54,1324
54,1590
54,1348
54,1544
54,1368
54,1448
54,1136
54,1250

55,1578
55,1452
55,1430
55,1360
55,1360
55,1290
55,1660
55,1124
55,1478
55,1676
55,1446
55,1296
55,1282
55,1564
55,1650
55,1528
55,1366
55,1254
55,1642
55,1486
55,1686
55,1356
55,1338
55,1538
55,1590
55,1638
55,1470
55,1446
55,1704
55,1678
55,1490
55,1598
55,1564
55,1586
55,1706
55,1476
55,1394
55,1510
55,1472
55,1350
55,1948
55,1582
55,1566
55,1480
55,1566
55,1644
55,1686
55,1364
55,1474
55,1576
55,1548
55,1548
55,1584
55,1638
55,1784
55,1322
55,1476
55,1436
55,1358
55,1596
55,1476
55,1582
55,1722
55,1448
55,1512
55,1200
55,1290
55,1266
55,1328
55,1388
55,1640
55,1672
55,1448
55,1558
55,1524
55,1402
55,1568
55,1648
55,1740
55,1404
55,1590
55,1296
55,1414
55,1448
55,1412
55,1594
55,1770
55,1680
55,1686
55,1492
55,1686
55,1666
55,1692
55,1500
55,1164
55,1334
55,1702
55,1398
55,1246
55,1484

56,1364
56,1574
56,1448
56,1690
56,1672
56,1692
56,1406
56,1782
56,1536
56,1522
56,1530
56,1318
56,1626
56,1346
56,1654
56,1410
56,1556
56,1552
56,1574
56,1398
56,1636
56,1514
56,1690
56,1640
56,1524
56,1722
56,1320
56,1448
56,1574
56,1718
56,1538
56,1534
56,1368
56,1622
56,1562
56,1636
56,1548
56,1500
56,1744
56,1418
56,1508
56,1664
56,1630
56,1778
56,1526
56,1510
56,1536
56,1584
56,1840
56,1548
56,1508
56,1814
56,1482
56,1812
56,1520
56,1588
56,1630
56,1470
56,1582
56,1560
56,1604
56,1048
56,1624
56,1536
56,1528
56,1388
56,1562
56,1402
56,1526
56,1548
56,1362
56,1408
56,1382
56,1180
56,1472
56,1496
56,1236
56,1482
56,1260
56,1428
56,1666
56,1516
56,1526
56,1558
56,1572
56,1344
56,1580
56,1390
56,1576
56,1422
56,1636
56,1390
56,1696
56,1604
56,1280
56,1682
56,1756
56,1480
56,1528
56,1584

57,1538
57,1750
57,1544
57,1722
57,1344
57,1636
57,1460
57,1472
57,1598
57,1506
57,1852
57,1704
57,1532
57,1638
57,1500
57,1508
57,1602
57,1626
57,1528
57,1484
57,1542
57,1374
57,1532
57,1762
57,1608
57,1636
57,1498
57,1500
57,1708
57,1780
57,1836
57,1506
57,1398
57,1568
57,1750
57,1850
57,1622
57,1420
57,1420
57,1620
57,1538
57,1502
57,1444
57,1630
57,1548
57,1544
57,1754
57,1364
57,1594
57,1878
57,1498
57,1494
57,1854
57,1768
57,1514
57,1566
57,1336
57,1494
57,1640
57,1562
57,1722
57,1514
57,1800
57,1632
57,1662
57,1586
57,1614
57,1790
57,1478
57,1340
57,1510
57,1458
57,1674
57,1642
57,1682
57,1636
57,1802
57,1644
57,1600
57,1540
57,1606
57,1558
57,1408
57,1594
57,1646
57,1572
57,1204
57,1620
57,1702
57,1476
57,1666
57,1736
57,1624
57,1640
57,1590
57,1558
57,1866
57,1326
57,1584
57,1646

58,1516
58,1888
58,1698
58,2004
58,1504
58,1796
58,1852
58,1718
58,1620
58,1452
58,1682
58,1514
58,1790
58,1648
58,1642
58,1648
58,1758
58,1658
58,1570
58,1718
58,1640
58,1742
58,1652
58,1520
58,1598
58,1678
58,1594
58,1828
58,1810
58,1380
58,1462
58,1354
58,1510
58,1976
58,1714
58,1636
58,1616
58,1988
58,1626
58,1720
58,1830
58,1586
58,1780
58,1720
58,1870
58,1716
58,1574
58,1612
58,1618
58,1592
58,1600
58,1674
58,1550
58,1632
58,1684
58,1526
58,1674
58,1610
58,1698
58,1592
58,1594
58,1788
58,1594
58,1594
58,1706
58,1504
58,1600
58,1712
58,1338
58,1626
58,1494
58,1498
58,1474
58,1604
58,1688
58,1646
58,1616
58,1598
58,1542
58,1348
58,1674
58,1672
58,1616
58,1546
58,1570
58,1876
58,1892
58,1728
58,1624
58,1590
58,1634
58,1672
58,1708
58,1698
58,1862
58,1684
58,1834
58,1506
58,1522
58,1628

59,1746
59,1780
59,1892
59,1928
59,1676
59,1780
59,1900
59,1958
59,1672
59,1902
59,1830
59,1956
59,1774
59,1768
59,1786
59,1826
59,1740
59,1916
59,1472
59,1540
59,1656
59,1776
59,2006
59,1796
59,2016
59,1922
59,1680
59,1692
59,1868
59,1686
59,1860
59,1600
59,1726
59,1814
59,1746
59,1774
59,1714
59,1772
59,1810
59,1790
59,1612
59,1694
59,1640
59,1610
59,1568
59,1740
59,1822
59,1684
59,1914
59,1376
59,1620
59,1526
59,1854
59,1820
59,1794
59,1262
59,1846
59,1942
59,1630
59,1716
59,1780
59,1618
59,1884
59,1826
59,1768
59,1974
59,1884
59,1708
59,1774
59,1524
59,1946
59,1646
59,1768
59,1944
59,2038
59,1798
59,1770
59,1546
59,2138
59,1760
59,1676
59,1826
59,1710
59,1728
59,1538
59,1748
59,1822
59,1804
59,1942
59,1618
59,1846
59,1774
59,1828
59,1632
59,1726
59,1652
59,1442
59,1612
59,1724
59,1468

60,1678
60,1604
60,1778
60,1800
60,1528
60,1612
60,2012
60,1908
60,1864
60,2060
60,1558
60,1568
60,1802
60,1660
60,1524
60,1646
60,2022
60,1766
60,1708
60,1888
60,1674
60,1700
60,1948
60,1656
60,1718
60,1780
60,1790
60,1796
60,1928
60,1844
60,1862
60,1720
60,1822
60,1858
60,1916
60,1968
60,1584
60,1934
60,1592
60,1988
60,1580
60,1868
60,1444
60,1676
60,1634
60,1642
60,1678
60,1818
60,1636
60,1878
60,1642
60,1534
60,1700
60,1488
60,1654
60,1680
60,1932
60,1844
60,1736
60,1904
60,1818
60,1962
60,1834
60,1810
60,1896
60,1852
60,1634
60,1848
60,1928
60,1664
60,1722
60,1578
60,2008
60,1826
60,1782
60,1676
60,1838
60,1602
60,1942
60,1896
60,1782
60,1458
60,1570
60,1624
60,2016
60,1658
60,1740
60,1688
60,1498
60,2052
60,1798
60,1772
60,1816
60,1716
60,1886
60,1440
60,1722
60,1792
60,2006
60,1868

61,1760
61,2094
61,1844
61,1606
61,2248
61,1934
61,1958
61,1756
61,2048
61,1748
61,1660
61,1898
61,1670
61,2246
61,1810
61,2122
61,1918
61,1764
61,1950
61,1600
61,1752
61,1714
61,1970
61,1802
61,1786
61,1768
61,2162
61,1720
61,1596
61,1748
61,1970
61,2018
61,1978
61,1802
61,1926
61,1896
61,1864
61,1824
61,1878
61,2316
61,2074
61,1682
61,1590
61,1746
61,1614
61,1892
61,1840
61,1824
61,1790
61,1700
61,1632
61,1710
61,1666
61,2030
61,2018
61,2156
61,1776
61,1558
61,1846
61,1632
61,1898
61,2154
61,1482
61,1490
61,1414
61,1802
61,2062
61,1820
61,1578
61,1972
61,1970
61,1908
61,1530
61,1776
61,1756
61,1882
61,1904
61,1766
61,1798
61,1968
61,1868
61,1924
61,2060
61,1638
61,1680
61,1702
61,1924
61,1796
61,1846
61,1964
61,1794
61,2050
61,1858
61,1720
61,1976
61,1840
61,1762
61,1806
61,1834
61,1754

62,2014
62,1652
62,1680
62,2074
62,1992
62,1808
62,1852
62,1906
62,2172
62,1782
62,2012
62,2184
62,2124
62,1914
62,1948
62,1796
62,1724
62,2030
62,2012
62,1764
62,1662
62,1914
62,1840
62,2010
62,1968
62,1798
62,1922
62,1854
62,1786
62,2078
62,2102
62,1774
62,1728
62,1794
62,1928
62,1924
62,1876
62,1832
62,1936
62,1822
62,2264
62,2096
62,1918
62,1784
62,2000
62,2282
62,1924
62,1654
62,1668
62,1880
62,1908
62,2228
62,1848
62,1954
62,1600
62,1956
62,1960
62,1856
62,1974
62,1746
62,1644
62,1986
62,2084
62,2152
62,1766
62,1932
62,1952
62,1770
62,1532
62,1738
62,1928
62,2298
62,2134
62,1940
62,1764
62,1716
62,2268
62,1794
62,1810
62,2016
62,2254
62,1874
62,1782
62,1746
62,1802
62,1842
62,2056
62,1978
62,1866
62,2120
62,1682
62,2064
62,1896
62,1890
62,1606
62,1684
62,2056
62,1690
62,2090
62,2060

63,2078
63,1882
63,2002
63,1950
63,2054
63,2412
63,1796
63,2138
63,1992
63,1936
63,1904
63,1958
63,1670
63,2002
63,1850
63,1818
63,2166
63,1932
63,2056
63,1718
63,1702
63,1664
63,1852
63,1882
63,1992
63,1990
63,1606
63,1812
63,1936
63,2098
63,2094
63,2052
63,2014
63,2014
63,1780
63,1890
63,2232
63,2006
63,1924
63,1792
63,1838
63,1884
63,2028
63,2090
63,1684
63,1838
63,1916
63,2032
63,2088
63,1920
63,2292
63,2116
63,1932
63,2078
63,1940
63,2010
63,1926
63,2278
63,1874
63,1984
63,1912
63,2046
63,1910
63,1714
63,1922
63,1742
63,2044
63,1902
63,2044
63,1640
63,1920
63,1932
63,1752
63,1618
63,1862
63,1998
63,1978
63,2008
63,2044
63,1966
63,2108
63,2314
63,2262
63,1816
63,1878
63,1418
63,1966
63,1806
63,1556
63,2018
63,1850
63,1974
63,1958
63,2096
63,1780
63,1900
63,2040
63,1880
63,1896
63,1818

64,1956
64,2296
64,1982
64,1748
64,2194
64,2294
64,2086
64,1896
64,2156
64,1782
64,1980
64,1972
64,2068
64,1926
64,1642
64,1982
64,1926
64,2048
64,2116
64,1950
64,1920
64,1972
64,2026
64,1874
64,1960
64,2138
64,1836
64,1824
64,1978
64,1648
64,2080
64,1960
64,1984
64,1928
64,2100
64,1898
64,1914
64,2102
64,2268
64,1638
64,1706
64,2220
64,1970
64,1830
64,2100
64,2194
64,1554
64,2106
64,2162
64,2072
64,1940
64,1970
64,1884
64,1930
64,2158
64,2302
64,2068
64,1704
64,1928
64,2080
64,2010
64,2078
64,2078
64,2028
64,2302
64,2122
64,2114
64,2092
64,1984
64,2290
64,2006
64,2224
64,2026
64,1820
64,2164
64,1920
64,2054
64,2016
64,2314
64,2240
64,1866
64,1614
64,1894
64,2316
64,2100
64,2136
64,2108
64,1944
64,1962
64,1764
64,1938
64,2384
64,1756
64,2162
64,1702
64,1672
64,2008
64,1874
64,1830
64,2096

65,1968
65,1784
65,2076
65,1938
65,2102
65,2014
65,2246
65,2060
65,1804
65,2138
65,1914
65,1986
65,2220
65,2138
65,1844
65,1914
65,2062
65,2318
65,2062
65,2084
65,2130
65,2004
65,1664
65,1800
65,1984
65,1774
65,1914
65,2272
65,2232
65,2084
65,2120
65,2080
65,2076
65,1890
65,1910
65,2076
65,2290
65,1952
65,2168
65,1758
65,1850
65,2058
65,2056
65,2132
65,2016
65,1856
65,1652
65,2200
65,2106
65,2036
65,2002
65,2248
65,2098
65,2330
65,2102
65,2152
65,2132
65,2248
65,2240
65,2042
65,2224
65,1946
65,1834
65,2094
65,2040
65,2106
65,1904
65,2052
65,1832
65,2140
65,2194
65,1820
65,1874
65,2092
65,1846
65,1850
65,1952
65,1878
65,1828
65,2328
65,1822
65,1982
65,2156
65,2362
65,1954
65,1848
65,2132
65,2072
65,1962
65,1862
65,2126
65,1710
65,1786
65,1918
65,2164
65,2414
65,2100
65,2066
65,1702
65,2130

66,1842
66,2096
66,2212
66,1926
66,2190
66,2160
66,1924
66,2594
66,2312
66,2070
66,2102
66,2390
66,2022
66,1968
66,2400
66,1916
66,2078
66,2126
66,1900
66,2122
66,1728
66,2516
66,2004
66,2054
66,2244
66,2102
66,1810
66,2160
66,1816
66,2306
66,2334
66,1834
66,2280
66,2302
66,2468
66,2354
66,2144
66,2186
66,2042
66,2218
66,2090
66,2168
66,2292
66,2538
66,2044
66,2266
66,1850
66,2386
66,2450
66,2156
66,2240
66,2120
66,2368
66,2190
66,2060
66,2192
66,1950
66,1992
66,2050
66,1816
66,2274
66,2080
66,2142
66,2150
66,2032
66,1814
66,1974
66,2082
66,1980
66,2208
66,1960
66,2228
66,1850
66,2018
66,1902
66,2146
66,2102
66,2056
66,2176
66,2310
66,2202
66,2098
66,2282
66,2432
66,2102
66,2242
66,2068
66,2074
66,2616
66,2100
66,1926
66,2158
66,2196
66,2244
66,1976
66,2394
66,2008
66,2538
66,2278
66,2148

67,2434
67,2264
67,2204
67,2220
67,2220
67,2192
67,1992
67,2220
67,2260
67,2122
67,2310
67,2304
67,2308
67,2244
67,2346
67,2156
67,1928
67,2130
67,2440
67,2140
67,2202
67,2236
67,2242
67,2032
67,2032
67,2094
67,1848
67,2214
67,2458
67,1994
67,2064
67,2206
67,2578
67,2386
67,2238
67,2076
67,2292
67,2146
67,2104
67,2078
67,2068
67,2426
67,2144
67,2202
67,2058
67,2472
67,2222
67,2056
67,2098
67,1916
67,2028
67,2220
67,2098
67,2084
67,2076
67,2194
67,2112
67,2362
67,2224
67,2080
67,1924
67,2192
67,2114
67,2530
67,2234
67,2056
67,2212
67,1894
67,2064
67,2008
67,1842
67,2260
67,2142
67,2382
67,2596
67,2020
67,2114
67,2308
67,2146
67,2152
67,2104
67,1942
67,2040
67,2284
67,2410
67,2182
67,2080
67,2322
67,2320
67,2372
67,2326
67,2120
67,2166
67,2384
67,2218
67,2338
67,1878
67,2434
67,2116
67,2228

68,2268
68,2166
68,2534
68,2432
68,2418
68,2264
68,2374
68,2026
68,2414
68,2714
68,2510
68,2532
68,2774
68,2378
68,2356
68,2458
68,2198
68,2166
68,2278
68,2048
68,2162
68,2584
68,2288
68,2368
68,2100
68,2082
68,1840
68,2090
68,2238
68,2390
68,2482
68,2436
68,2376
68,2106
68,2050
68,2326
68,2414
68,2210
68,2336
68,2228
68,2062
68,2568
68,2192
68,2084
68,2480
68,2378
68,2260
68,2254
68,2472
68,2048
68,2284
68,2372
68,2130
68,2088
68,2332
68,2340
68,2396
68,2390
68,2198
68,2400
68,2378
68,2372
68,2436
68,2186
68,2232
68,2096
68,2298
68,2282
68,1842
68,2376
68,2410
68,1924
68,2518
68,2342
68,2076
68,2284
68,2304
68,2112
68,2228
68,2402
68,2346
68,1952
68,2420
68,2304
68,2202
68,2332
68,2096
68,2110
68,2310
68,2552
68,2232
68,2610
68,2232
68,2186
68,2340
68,2244
68,2298
68,2016
68,2142
68,2308

69,2610
69,2296
69,2166
69,2230
69,2160
69,2390
69,2174
69,1794
69,2278
69,1938
69,2610
69,2222
69,2196
69,2174
69,2220
69,2170
69,2562
69,2226
69,2078
69,2714
69,2224
69,2580
69,2544
69,2120
69,2310
69,2476
69,2124
69,2444
69,2178
69,2560
69,2244
69,2176
69,2126
69,2394
69,2378
69,2044
69,2444
69,2148
69,2044
69,2202
69,2164
69,2154
69,2400
69,2250
69,2016
69,2428
69,2562
69,1948
69,2162
69,2348
69,2180
69,2434
69,2544
69,2548
69,2324
69,2144
69,2234
69,2420
69,2308
69,2354
69,2440
69,2086
69,2522
69,2212
69,2334
69,2678
69,2136
69,2492
69,2544
69,2132
69,2502
69,2118
69,2428
69,2228
69,2570
69,2542
69,2292
69,2538
69,2066
69,2304
69,2252
69,2474
69,2422
69,2202
69,2064
69,2422
69,2460
69,2270
69,2594
69,2464
69,2602
69,2372
69,2272
69,2552
69,2286
69,2564
69,2186
69,2378
69,2362
69,2364

70,2126
70,2382
70,2246
70,2446
70,2082
70,2542
70,2550
70,2574
70,2456
70,2460
70,2416
70,2434
70,1754
70,2332
70,2364
70,2664
70,2454
70,2338
70,2140
70,2224
70,2378
70,2616
70,2258
70,2578
70,2556
70,2696
70,2288
70,2356
70,2394
70,1934
70,2230
70,2322
70,2502
70,2276
70,2598
70,2352
70,2596
70,2400
70,2722
70,2698
70,2272
70,2502
70,2168
70,2198
70,2242
70,2432
70,2172
70,2694
70,2250
70,2430
70,2512
70,2356
70,2598
70,2542
70,2242
70,2494
70,2382
70,2688
70,2428
70,2526
70,2184
70,2770
70,2540
70,2700
70,2236
70,2406
70,2924
70,2348
70,2582
70,2356
70,2166
70,2144
70,2374
70,2796
70,2674
70,2630
70,2494
70,2516
70,2432
70,2292
70,2446
70,2276
70,2212
70,2964
70,2272
70,2712
70,2648
70,2118
70,2292
70,2510
70,2382
70,2240
70,2522
70,2490
70,2442
70,2450
70,2398
70,2356
70,2484
70,2604

71,2660
71,2618
71,2828
71,2410
71,2454
71,2492
71,2508
71,2292
71,2286
71,2716
71,2530
71,2430
71,2262
71,2688
71,2478
71,2858
71,2456
71,2788
71,2770
71,2542
71,2862
71,2534
71,2728
71,2770
71,2314
71,2288
71,2650
71,2418
71,2134
71,2386
71,2384
71,2312
71,2642
71,2380
71,2692
71,2480
71,2238
71,2496
71,2402
71,2344
71,2554
71,2960
71,2428
71,2640
71,2518
71,2580
71,2710
71,2520
71,2516
71,2614
71,1970
71,2704
71,2356
71,2216
71,2320
71,2552
71,2798
71,2244
71,2258
71,2504
71,2656
71,2502
71,2250
71,2586
71,3112
71,2426
71,2562
71,2736
71,2438
71,2192
71,2480
71,2830
71,2258
71,2690
71,2490
71,2476
71,2384
71,2302
71,2826
71,2086
71,2462
71,2522
71,2600
71,2486
71,2902
71,2728
71,2598
71,2726
71,2432
71,2406
71,2442
71,2502
71,2382
71,2414
71,2606
71,2662
71,2702
71,2230
71,2502
71,2230

72,2672
72,2852
72,2484
72,2734
72,2788
72,2678
72,2574
72,2274
72,2298
72,2280
72,2452
72,2708
72,2426
72,2448
72,2534
72,2840
72,2216
72,2684
72,2522
72,2782
72,2882
72,2642
72,2672
72,2452
72,2514
72,2614
72,2654
72,2316
72,2870
72,2628
72,2402
72,2568
72,2796
72,2332
72,2904
72,2594
72,2652
72,2538
72,2464
72,2698
72,2360
72,2732
72,2646
72,2378
72,2448
72,2550
72,2056
72,2304
72,2082
72,2746
72,2688
72,2846
72,2802
72,2890
72,2516
72,2540
72,2770
72,2442
72,2210
72,2742
72,2428
72,2352
72,2600
72,2590
72,2682
72,2398
72,2744
72,2770
72,2676
72,2426
72,2842
72,2844
72,2642
72,2372
72,2562
72,2348
72,2262
72,2492
72,2614
72,3080
72,2728
72,2758
72,2866
72,2932
72,2242
72,2582
72,2510
72,2518
72,2542
72,2496
72,2582
72,2318
72,2536
72,2714
72,2532
72,2562
72,2818
72,2692
72,2778
72,2492

73,2492
73,2516
73,2488
73,2658
73,2504
73,3164
73,2832
73,2394
73,2870
73,2306
73,2546
73,2532
73,2740
73,2986
73,2952
73,2572
73,2680
73,2710
73,2804
73,2228
73,3058
73,2638
73,2864
73,2522
73,2456
73,2448
73,2568
73,2608
73,2532
73,2782
73,2558
73,2422
73,2502
73,2670
73,2354
73,2650
73,2828
73,2658
73,2590
73,2788
73,2844
73,2674
73,2810
73,2622
73,2464
73,2380
73,2760
73,3076
73,2842
73,2666
73,2432
73,2598
73,2568
73,2442
73,2156
73,2460
73,2546
73,2478
73,2778
73,2986
73,2158
73,2338
73,2630
73,2668
73,2576
73,2630
73,2668
73,2740
73,2764
73,2670
73,2430
73,2544
73,2288
73,2942
73,2358
73,2966
73,2906
73,2604
73,3008
73,2534
73,2596
73,2334
73,2318
73,2206
73,2740
73,2192
73,2898
73,2792
73,2512
73,2682
73,2782
73,2820
73,2804
73,2630
73,2686
73,2678
73,2716
73,2538
73,2564
73,2880

74,2668
74,2748
74,2824
74,2890
74,2474
74,2708
74,2822
74,2880
74,2592
74,2216
74,2772
74,2794
74,2566
74,2804
74,2682
74,2624
74,2736
74,2738
74,3196
74,2724
74,2776
74,2938
74,2954
74,2724
74,3126
74,2496
74,3150
74,2438
74,2704
74,2574
74,2720
74,2554
74,2746
74,3110
74,2812
74,2938
74,2894
74,2816
74,2544
74,2728
74,2710
74,2638
74,2736
74,2512
74,3144
74,2786
74,2934
74,2574
74,2866
74,2298
74,2692
74,2946
74,2790
74,2660
74,2684
74,2966
74,2452
74,2948
74,2580
74,2730
74,2884
74,2728
74,2862
74,3046
74,2688
74,2632
74,2782
74,2774
74,2718
74,3004
74,2352
74,2728
74,2860
74,2454
74,2516
74,2574
74,2634
74,2806
74,2440
74,2714
74,2532
74,2632
74,2414
74,2874
74,2756
74,2332
74,2580
74,2504
74,2380
74,2520
74,2766
74,2594
74,2606
74,2406
74,2816
74,2478
74,2900
74,2400
74,2790
74,2738

75,2798
75,2428
75,2856
75,2830
75,2846
75,2832
75,2998
75,3024
75,3170
75,2984
75,2838
75,2904
75,2926
75,2260
75,2632
75,2752
75,2724
75,2956
75,2768
75,2712
75,2936
75,2852
75,2730
75,2784
75,2610
75,2296
75,2760
75,2732
75,2540
75,2902
75,3072
75,2642
75,2802
75,2388
75,2466
75,2832
75,2622
75,2838
75,2676
75,2602
75,2446
75,2852
75,3098
75,2638
75,2622
75,3154
75,2866
75,3188
75,2490
75,2946
75,2486
75,2884
75,3186
75,3076
75,2366
75,2690
75,2782
75,2392
75,2878
75,2662
75,2744
75,2772
75,3142
75,2532
75,2430
75,2744
75,2470
75,2738
75,2978
75,3048
75,2666
75,2540
75,2876
75,2510
75,2786
75,2236
75,3232
75,2958
75,2530
75,3090
75,3004
75,3096
75,2572
75,3036
75,2824
75,2460
75,3096
75,2632
75,2534
75,3162
75,2816
75,3110
75,2794
75,2700
75,2948
75,2628
75,2770
75,3046
75,2820
75,3120

76,2992
76,2992
76,2762
76,3018
76,2876
76,2644
76,2856
76,3104
76,3112
76,3110
76,2572
76,2926
76,2932
76,2660
76,2908
76,2850
76,2794
76,3584
76,3190
76,2808
76,2816
76,2798
76,2594
76,2900
76,3016
76,3068
76,2736
76,2870
76,2704
76,3134
76,2766
76,3074
76,3206
76,2874
76,2648
76,2776
76,2870
76,2800
76,3030
76,2918
76,3140
76,2484
76,2454
76,2762
76,2738
76,2864
76,3034
76,2692
76,3378
76,2664
76,2954
76,2852
76,3148
76,2962
76,2622
76,2686
76,2668
76,2844
76,2756
76,2676
76,2546
76,2512
76,3356
76,2980
76,3298
76,2828
76,2414
76,2720
76,2632
76,2976
76,2578
76,2512
76,2746
76,2512
76,3066
76,3178
76,3048
76,2508
76,2660
76,3062
76,2478
76,3160
76,2856
76,2630
76,2274
76,3176
76,2774
76,2924
76,2868
76,2346
76,2812
76,2962
76,2804
76,2716
76,2992
76,2786
76,2600
76,2528
76,2980
76,2810

77,2816
77,2744
77,3154
77,3014
77,2882
77,2964
77,2546
77,3002
77,2776
77,2796
77,3078
77,2706
77,2762
77,2796
77,2852
77,2742
77,2840
77,2930
77,2852
77,2958
77,2844
77,3178
77,2706
77,3018
77,2862
77,2802
77,3208
77,2946
77,3032
77,3028
77,2898
77,2636
77,3316
77,2812
77,2832
77,2922
77,2896
77,3050
77,2962
77,2962
77,3156
77,2970
77,3094
77,2872
77,2644
77,2916
77,3154
77,3304
77,2934
77,2922
77,2732
77,2774
77,2812
77,2834
77,2820
77,3020
77,2758
77,3142
77,2768
77,2996
77,2820
77,2940
77,2924
77,3268
77,2856
77,3314
77,2556
77,2860
77,3088
77,2822
77,2818
77,2848
77,2870
77,3116
77,2764
77,2982
77,3196
77,2556
77,3238
77,3060
77,3000
77,2910
77,3118
77,3134
77,3456
77,3048
77,2904
77,2934
77,2888
77,3264
77,3322
77,3004
77,2718
77,3018
77,3072
77,2856
77,2384
77,2716
77,3032
77,3062

78,2972
78,2878
78,2982
78,3222
78,3140
78,2880
78,3074
78,3122
78,3146
78,3024
78,3030
78,2862
78,3178
78,2996
78,3170
78,2730
78,2936
78,2758
78,3414
78,2892
78,3334
78,3108
78,2926
78,2582
78,3038
78,3324
78,3194
78,3160
78,3004
78,2394
78,2858
78,3342
78,2622
78,3346
78,2962
78,2458
78,2936
78,2740
78,2702
78,3406
78,3452
78,2888
78,3172
78,3280
78,2732
78,2752
78,3156
78,3382
78,2946
78,2706
78,2982
78,2590
78,2506
78,2958
78,2990
78,2668
78,3282
78,2838
78,3044
78,3154
78,2848
78,2908
78,2688
78,2626
78,3158
78,2862
78,2874
78,3122
78,2938
78,2868
78,2830
78,2672
78,3438
78,2940
78,2888
78,3194
78,2904
78,2846
78,2980
78,3170
78,3494
78,3120
78,2918
78,3348
78,3206
78,3070
78,3364
78,2626
78,2990
78,2758
78,2834
78,3012
78,2922
78,2852
78,2704
78,2494
78,3020
78,2746
78,3104
78,2908

79,2834
79,3218
79,3264
79,2674
79,3092
79,2730
79,3156
79,3804
79,3196
79,3400
79,2750
79,3162
79,2946
79,2984
79,3062
79,3604
79,2898
79,3292
79,3188
79,3484
79,2798
79,3144
79,3010
79,3224
79,2866
79,3072
79,3134
79,3016
79,2828
79,3028
79,3158
79,2736
79,3390
79,3374
79,3186
79,3192
79,3112
79,2938
79,3118
79,2752
79,3266
79,3172
79,3182
79,3524
79,3194
79,2442
79,3358
79,2912
79,3272
79,3346
79,3338
79,2922
79,3210
79,3172
79,3102
79,2626
79,3352
79,3558
79,2894
79,3208
79,3322
79,3202
79,2838
79,3608
79,2786
79,3050
79,3238
79,2946
79,3604
79,3184
79,2996
79,2916
79,3066
79,3096
79,3286
79,3072
79,3244
79,2962
79,3292
79,3108
79,3310
79,2940
79,3272
79,2782
79,2880
79,2826
79,2884
79,2990
79,3004
79,3274
79,3104
79,3322
79,3066
79,3216
79,2912
79,3066
79,3434
79,3202
79,3110
79,2946

80,2880
80,3138
80,2996
80,3356
80,2672
80,3166
80,2724
80,3002
80,3388
80,3208
80,3204
80,2994
80,3362
80,3306
80,3470
80,3230
80,3156
80,2784
80,3560
80,3404
80,3226
80,2888
80,3564
80,2912
80,2994
80,3344
80,3014
80,2516
80,3304
80,3080
80,3214
80,3204
80,2528
80,3522
80,3286
80,3116
80,3390
80,3380
80,3462
80,2936
80,3278
80,3360
80,3152
80,3032
80,3270
80,2998
80,2910
80,3164
80,2574
80,3582
80,2864
80,3118
80,3484
80,3080
80,3462
80,3350
80,3152
80,3382
80,3234
80,3126
80,2996
80,3130
80,3342
80,3412
80,3090
80,3352
80,3074
80,2984
80,3436
80,3330
80,3158
80,3436
80,2880
80,2982
80,3042
80,2946
80,3618
80,2828
80,3004
80,3046
80,2798
80,2818
80,3178
80,2816
80,3246
80,3278
80,3046
80,3310
80,3112
80,3214
80,2984
80,2850
80,3422
80,3018
80,3460
80,3418
80,2956
80,2930
80,3164
80,3716

81,2826
81,3154
81,2574
81,3232
81,2918
81,3480
81,3288
81,3118
81,3044
81,3514
81,3264
81,3524
81,3418
81,3072
81,3234
81,3006
81,2910
81,3412
81,3082
81,3330
81,2898
81,3360
81,3534
81,2666
81,2808
81,3172
81,3438
81,3068
81,3592
81,2660
81,3018
81,3442
81,3240
81,3526
81,3482
81,3514
81,3186
81,3252
81,3150
81,3736
81,3328
81,3472
81,3314
81,3456
81,2706
81,3124
81,3008
81,2860
81,3470
81,3228
81,2984
81,2770
81,3044
81,3790
81,3366
81,3044
81,3458
81,2978
81,3064
81,3096
81,3606
81,3250
81,2970
81,3072
81,3218
81,3472
81,3220
81,2946
81,3068
81,3076
81,3108
81,3298
81,3358
81,3708
81,3446
81,3098
81,3260
81,3050
81,2848
81,3144
81,3502
81,3014
81,3314
81,2792
81,2872
81,3618
81,3552
81,2920
81,2914
81,3176
81,2926
81,3522
81,3410
81,2928
81,3102
81,3178
81,3318
81,3334
81,3144
81,2662

82,3534
82,3608
82,3266
82,3078
82,3530
82,3116
82,3530
82,3424
82,3562
82,3662
82,3082
82,3490
82,2944
82,3094
82,3076
82,3740
82,3204
82,3950
82,3094
82,3334
82,3596
82,3328
82,3306
82,3100
82,3402
82,3294
82,3146
82,2878
82,3592
82,3142
82,3494
82,3404
82,3336
82,3486
82,3190
82,3624
82,3000
82,3564
82,3004
82,3542
82,3152
82,3668
82,2908
82,3280
82,2730
82,2940
82,3516
82,3304
82,2848
82,2804
82,3436
82,3070
82,3470
82,3308
82,3198
82,3690
82,3264
82,3282
82,3428
82,3070
82,3410
82,3368
82,3488
82,3262
82,3782
82,3364
82,3178
82,3324
82,3292
82,3644
82,3536
82,3714
82,3300
82,3232
82,3238
82,3698
82,3072
82,3142
82,3344
82,3444
82,3308
82,3184
82,3374
82,3462
82,3022
82,3378
82,3620
82,2792
82,3272
82,3022
82,3196
82,2904
82,3534
82,3624
82,3074
82,3284
82,3360
82,3524
82,3608
82,3378

83,3106
83,3320
83,3602
83,3312
83,3018
83,3462
83,3660
83,3098
83,2946
83,3564
83,3424
83,3398
83,3366
83,3326
83,3238
83,3322
83,3744
83,3432
83,2962
83,3806
83,3510
83,3120
83,3224
83,3512
83,3370
83,3980
83,3008
83,3368
83,3110
83,3456
83,3362
83,3544
83,3272
83,3256
83,3394
83,3100
83,3480
83,3566
83,3000
83,3022
83,2872
83,3604
83,3070
83,3172
83,3432
83,3688
83,3080
83,3584
83,3298
83,3028
83,3428
83,3586
83,3356
83,3444
83,3430
83,2812
83,3558
83,3348
83,3478
83,3538
83,3286
83,3282
83,3382
83,3398
83,3968
83,3380
83,3184
83,3646
83,3618
83,3334
83,3706
83,3636
83,3260
83,3720
83,3664
83,3234
83,3608
83,4014
83,2944
83,3564
83,3508
83,3682
83,3062
83,3288
83,3106
83,3446
83,3230
83,2864
83,2908
83,3992
83,3580
83,3166
83,3542
83,3360
83,3392
83,4008
83,3676
83,3348
83,3374
83,3302

84,3536
84,3774
84,3572
84,3376
84,3840
84,3658
84,3964
84,3442
84,3110
84,3212
84,3356
84,3560
84,3238
84,3568
84,3010
84,3456
84,3214
84,3778
84,3546
84,3568
84,3242
84,3526
84,3262
84,3450
84,3878
84,3220
84,3320
84,3944
84,3086
84,3742
84,3664
84,3036
84,3752
84,3300
84,3872
84,3232
84,3330
84,3132
84,3906
84,4124
84,3924
84,3282
84,3546
84,2996
84,3528
84,3118
84,3360
84,3112
84,3644
84,3698
84,3736
84,3422
84,3514
84,3122
84,3382
84,2916
84,3418
84,2944
84,2976
84,3766
84,3878
84,3230
84,3620
84,3562
84,3426
84,3024
84,3686
84,3800
84,3446
84,3134
84,3178
84,3486
84,3462
84,3612
84,3240
84,3298
84,3512
84,3900
84,3472
84,3808
84,3918
84,3294
84,3826
84,3250
84,3552
84,3468
84,3200
84,3712
84,3622
84,3444
84,3842
84,3636
84,3468
84,3580
84,3806
84,3886
84,3448
84,3780
84,3736
84,3540

85,3362
85,3632
85,3314
85,3448
85,3928
85,3486
85,3408
85,3606
85,3870
85,3598
85,3200
85,3534
85,3356
85,3448
85,3800
85,3760
85,3690
85,3686
85,3560
85,3558
85,3250
85,3138
85,3880
85,3456
85,3582
85,3324
85,3838
85,3458
85,3452
85,3848
85,3388
85,3816
85,3308
85,3496
85,3598
85,3676
85,3272
85,3500
85,3280
85,3504
85,4146
85,3532
85,3500
85,3776
85,3592
85,3810
85,3968
85,3914
85,4028
85,3464
85,3640
85,3652
85,3536
85,3528
85,3328
85,3472
85,3496
85,3702
85,3682
85,3076
85,3458
85,3130
85,3660
85,3784
85,3870
85,3638
85,3538
85,3524
85,3708
85,3972
85,3212
85,3906
85,3622
85,3630
85,3494
85,3714
85,3828
85,3428
85,3420
85,3768
85,3834
85,3476
85,3414
85,3782
85,3880
85,3600
85,3986
85,3442
85,3280
85,3536
85,3752
85,3838
85,3410
85,3718
85,3232
85,3444
85,3248
85,3472
85,3666
85,3688

86,3416
86,3818
86,3234
86,3188
86,3494
86,3786
86,3404
86,3606
86,3576
86,3598
86,3712
86,3488
86,3532
86,3546
86,3880
86,3476
86,3734
86,3496
86,3532
86,3756
86,3432
86,3718
86,3866
86,3980
86,3648
86,3498
86,3466
86,3756
86,3606
86,3546
86,3606
86,3508
86,3914
86,3568
86,3436
86,3826
86,3722
86,3150
86,3792
86,3968
86,3404
86,3448
86,3534
86,3442
86,3702
86,3582
86,3488
86,3684
86,3820
86,3760
86,3644
86,3634
86,3604
86,3698
86,3570
86,3510
86,3440
86,3868
86,4112
86,3272
86,3864
86,3918
86,4040
86,3776
86,3474
86,3550
86,3506
86,3902
86,3266
86,3180
86,3896
86,3450
86,3680
86,3326
86,3522
86,3886
86,3490
86,3640
86,3538
86,3364
86,3400
86,4076
86,3662
86,3606
86,4004
86,3204
86,3672
86,3582
86,3352
86,4096
86,3964
86,3730
86,3624
86,3260
86,3074
86,4144
86,3628
86,3964
86,3576
86,3550

87,3338
87,3730
87,3796
87,3596
87,4154
87,3720
87,3832
87,3790
87,3828
87,3704
87,3964
87,3858
87,3486
87,3896
87,3972
87,4366
87,3728
87,3326
87,3150
87,3488
87,3876
87,3294
87,3394
87,3614
87,3910
87,4090
87,4380
87,3980
87,3952
87,3458
87,3658
87,4248
87,4264
87,3652
87,3768
87,4034
87,3970
87,3712
87,3632
87,3410
87,3628
87,3558
87,3502
87,3672
87,3668
87,3790
87,3966
87,3684
87,3826
87,4194
87,3386
87,3802
87,3498
87,3904
87,3646
87,4244
87,3300
87,3672
87,3546
87,3744
87,3144
87,3830
87,3636
87,3946
87,3318
87,4174
87,3560
87,3042
87,3740
87,3648
87,3518
87,3470
87,3294
87,3790
87,3500
87,3620
87,3968
87,3728
87,3238
87,3602
87,3828
87,3738
87,3582
87,4136
87,4024
87,3692
87,3740
87,3638
87,4062
87,3436
87,3428
87,3866
87,4282
87,3548
87,3984
87,3272
87,3758
87,3752
87,4044
87,3416

88,4102
88,3594
88,3410
88,4240
88,3928
88,4306
88,3786
88,3944
88,3542
88,3982
88,4106
88,4290
88,3940
88,3722
88,4120
88,4328
88,3742
88,4084
88,3684
88,3902
88,4058
88,3640
88,3824
88,3748
88,3912
88,3680
88,3670
88,4112
88,3234
88,3912
88,3362
88,4006
88,4142
88,3488
88,3748
88,4070
88,3646
88,3728
88,3626
88,3916
88,3612
88,3912
88,3522
88,3682
88,3588
88,3730
88,3388
88,4232
88,3584
88,3828
88,4006
88,4082
88,3856
88,3614
88,3890
88,3668
88,3884
88,3522
88,3908
88,4142
88,3946
88,3966
88,3292
88,4132
88,3818
88,3922
88,4106
88,3426
88,3482
88,3890
88,4240
88,3850
88,3598
88,3950
88,3884
88,3538
88,4344
88,3760
88,3902
88,4148
88,4064
88,3894
88,3438
88,4154
88,4080
88,3740
88,3712
88,3966
88,3898
88,3636
88,3346
88,3416
88,3594
88,3868
88,4378
88,3956
88,3818
88,3668
88,3408
88,3646

89,3902
89,4532
89,3862
89,4206
89,3924
89,3712
89,3962
89,3688
89,3668
89,3674
89,4182
89,4140
89,4058
89,4594
89,4268
89,3766
89,3914
89,3492
89,3672
89,4486
89,3848
89,3886
89,3914
89,4018
89,4680
89,3824
89,3600
89,3724
89,3904
89,4004
89,3790
89,3804
89,3394
89,4254
89,3794
89,3500
89,3868
89,3914
89,3950
89,3800
89,4024
89,4064
89,3686
89,3722
89,3648
89,4068
89,3930
89,3220
89,3780
89,4258
89,3956
89,4188
89,3914
89,4218
89,3620
89,4536
89,4022
89,3592
89,4300
89,4030
89,3612
89,4052
89,3924
89,4048
89,3648
89,3726
89,3690
89,3922
89,3798
89,4244
89,4288
89,4090
89,4214
89,3412
89,3614
89,3418
89,3964
89,3486
89,3422
89,4134
89,3776
89,4012
89,3750
89,4192
89,4288
89,3900
89,3702
89,3808
89,3668
89,4304
89,3726
89,3748
89,4308
89,4322
89,3914
89,4064
89,4020
89,3946
89,4032
89,3942

90,4068
90,4326
90,3710
90,3334
90,3784
90,3834
90,3736
90,3248
90,3786
90,4386
90,4012
90,4544
90,3418
90,4048
90,4136
90,4270
90,3786
90,3684
90,4090
90,3796
90,3680
90,3620
90,3906
90,3922
90,4074
90,4332
90,3204
90,3770
90,3664
90,4560
90,3976
90,3800
90,3598
90,3712
90,3922
90,4108
90,3752
90,3890
90,3962
90,3906
90,3732
90,3760
90,4102
90,4266
90,4306
90,4104
90,4012
90,3702
90,3690
90,4244
90,4380
90,4216
90,4300
90,4182
90,3976
90,3558
90,4168
90,3548
90,3410
90,4380
90,4224
90,4026
90,3872
90,3938
90,4578
90,3940
90,4420
90,4192
90,4432
90,4134
90,3852
90,4030
90,4588
90,4232
90,4318
90,4012
90,3424
90,4014
90,3822
90,4364
90,3462
90,4174
90,3868
90,4458
90,4092
90,3812
90,3830
90,3550
90,3920
90,3734
90,3776
90,4340
90,3812
90,3788
90,4096
90,3844
90,4316
90,3910
90,4090
90,4498

91,4208
91,4268
91,3472
91,4222
91,3936
91,4006
91,4088
91,3896
91,3916
91,3802
91,4014
91,4276
91,4302
91,3316
91,4622
91,4310
91,4000
91,3930
91,4010
91,3574
91,4438
91,4528
91,4216
91,4340
91,4036
91,4118
91,4538
91,3854
91,3878
91,4280
91,3838
91,3784
91,4176
91,4118
91,4728
91,3724
91,4260
91,3846
91,4236
91,3642
91,4142
91,4128
91,3878
91,4160
91,4182
91,3988
91,4378
91,4072
91,4016
91,4254
91,3860
91,4686
91,4150
91,4028
91,4456
91,4092
91,4160
91,4086
91,5058
91,4560
91,4310
91,4570
91,4296
91,3894
91,3800
91,3896
91,4264
91,3982
91,3982
91,4198
91,3826
91,4150
91,4364
91,4018
91,4444
91,4090
91,4026
91,3956
91,3914
91,3758
91,4348
91,4554
91,4532
91,4558
91,3990
91,4028
91,3814
91,3728
91,4354
91,3840
91,3712
91,3938
91,4060
91,3542
91,4240
91,3996
91,3922
91,3932
91,4232
91,3340

92,4386
92,4566
92,4316
92,4428
92,4082
92,3988
92,3586
92,4316
92,4354
92,4210
92,4024
92,4156
92,4536
92,3978
92,4312
92,4518
92,3826
92,3466
92,4228
92,4196
92,4056
92,4056
92,4030
92,4414
92,4362
92,3906
92,4004
92,4366
92,4382
92,4212
92,3976
92,4030
92,4554
92,4364
92,4100
92,4442
92,4224
92,4278
92,4078
92,4668
92,3552
92,4460
92,4650
92,4060
92,4302
92,4290
92,3922
92,4344
92,3968
92,4416
92,4258
92,4278
92,3788
92,4256
92,3872
92,4562
92,3880
92,4250
92,4028
92,4566
92,4244
92,3336
92,3796
92,4106
92,4306
92,4208
92,4426
92,3956
92,4318
92,3746
92,4724
92,3822
92,3868
92,4218
92,4388
92,4392
92,4236
92,3572
92,4414
92,3824
92,4298
92,4016
92,3730
92,3876
92,4144
92,3756
92,3654
92,4472
92,3864
92,4090
92,4046
92,4082
92,4060
92,4268
92,4950
92,4032
92,4070
92,4066
92,4374
92,3992

93,4278
93,4302
93,4536
93,3984
93,4002
93,4456
93,4388
93,4624
93,4514
93,4522
93,4152
93,4786
93,4404
93,3870
93,4138
93,3830
93,4778
93,4348
93,4288
93,4596
93,4314
93,4142
93,4370
93,4102
93,4216
93,4180
93,4534
93,4158
93,4224
93,4786
93,4576
93,4468
93,4668
93,4284
93,4090
93,4268
93,4338
93,4414
93,3680
93,4298
93,4412
93,3918
93,4066
93,4304
93,4198
93,4648
93,4368
93,4296
93,4200
93,4402
93,4296
93,4326
93,4090
93,3966
93,4308
93,4538
93,4298
93,4172
93,4006
93,4118
93,3966
93,4172
93,4604
93,4312
93,4198
93,4054
93,4716
93,4334
93,4246
93,4616
93,4422
93,4316
93,4430
93,4084
93,4218
93,4440
93,4184
93,4070
93,4320
93,4230
93,4112
93,4104
93,4380
93,3798
93,4146
93,4504
93,3858
93,5014
93,4846
93,4156
93,3812
93,4112
93,4606
93,4588
93,5106
93,4114
93,4612
93,4540
93,3672
93,4236

94,4206
94,4246
94,3964
94,5066
94,4454
94,3724
94,3992
94,4388
94,4292
94,4124
94,4430
94,4048
94,4112
94,4680
94,4120
94,4420
94,4138
94,4212
94,4800
94,4096
94,5396
94,4052
94,4450
94,4106
94,4014
94,4890
94,4414
94,4346
94,4562
94,5024
94,4794
94,4712
94,3940
94,4392
94,4354
94,4440
94,4906
94,4224
94,4596
94,4204
94,4256
94,3838
94,4460
94,4240
94,4426
94,4528
94,4326
94,4686
94,4222
94,4570
94,4604
94,3986
94,4382
94,4224
94,4346
94,4704
94,4238
94,3998
94,4200
94,4004
94,4456
94,4670
94,4298
94,4708
94,4620
94,5174
94,4284
94,3798
94,4190
94,4436
94,4586
94,3746
94,4294
94,4780
94,5056
94,3844
94,4448
94,4364
94,4294
94,4426
94,4362
94,4660
94,3822
94,4128
94,3562
94,4360
94,4806
94,4480
94,4600
94,4824
94,4062
94,4422
94,4030
94,4356
94,4628
94,4006
94,4370
94,4614
94,4832
94,3956

95,4008
95,4618
95,4772
95,4738
95,3828
95,4572
95,4238
95,4106
95,3806
95,4604
95,4204
95,3970
95,4276
95,4160
95,4164
95,4484
95,5078
95,4978
95,4374
95,4100
95,4512
95,4708
95,4440
95,4436
95,4496
95,4432
95,4454
95,4310
95,4138
95,3842
95,4458
95,4478
95,4986
95,4568
95,4732
95,4774
95,4372
95,4948
95,4544
95,4684
95,4764
95,4056
95,4400
95,4370
95,4748
95,4718
95,4298
95,4670
95,4208
95,4594
95,4346
95,4802
95,4778
95,4306
95,4332
95,4440
95,4728
95,4486
95,4666
95,4584
95,3472
95,4370
95,5028
95,4612
95,4656
95,4424
95,4440
95,3766
95,4144
95,4346
95,3958
95,4642
95,4270
95,4888
95,4776
95,4488
95,4248
95,4280
95,4092
95,4760
95,4782
95,4406
95,4910
95,4722
95,4136
95,4298
95,4202
95,4408
95,4494
95,4276
95,4592
95,4530
95,4268
95,4540
95,4514
95,4526
95,4790
95,4366
95,4822
95,4500

96,4578
96,3906
96,3788
96,4986
96,4794
96,4700
96,4912
96,5388
96,4278
96,4660
96,4694
96,4868
96,4598
96,4546
96,4458
96,4016
96,4748
96,4740
96,4694
96,4578
96,4720
96,3770
96,4750
96,4948
96,4558
96,4622
96,5066
96,4516
96,4706
96,4936
96,4730
96,4260
96,4268
96,4340
96,4934
96,4736
96,4324
96,5148
96,4354
96,4822
96,4464
96,4498
96,4728
96,4286
96,4752
96,5082
96,4202
96,4498
96,4446
96,4430
96,4798
96,4312
96,5092
96,4460
96,4528
96,4294
96,4396
96,4708
96,4446
96,4560
96,4630
96,4006
96,4666
96,4282
96,4394
96,4364
96,4930
96,4490
96,4554
96,4854
96,4192
96,4572
96,4642
96,4370
96,4616
96,4780
96,4694
96,4200
96,4000
96,4610
96,3878
96,4332
96,4638
96,4508
96,4386
96,4188
96,4862
96,3902
96,4456
96,4752
96,4372
96,4340
96,4502
96,4116
96,4672
96,3990
96,4120
96,4360
96,4458
96,4528

97,4232
97,4370
97,4612
97,4324
97,4738
97,4412
97,4546
97,4514
97,4226
97,4678
97,4664
97,4820
97,4708
97,4372
97,4916
97,4978
97,4628
97,4426
97,4814
97,4798
97,4806
97,4534
97,4426
97,4770
97,4590
97,4436
97,4678
97,4468
97,4600
97,4926
97,4840
97,5256
97,4778
97,5546
97,4576
97,5032
97,4454
97,4522
97,4234
97,4408
97,4216
97,4986
97,4822
97,4388
97,4732
97,4934
97,4850
97,4486
97,5040
97,4520
97,4414
97,4806
97,4354
97,4862
97,5236
97,4870
97,4992
97,4472
97,4362
97,4358
97,5270
97,5074
97,4988
97,4502
97,4840
97,4332
97,4824
97,4104
97,4528
97,4530
97,4954
97,4768
97,4666
97,4446
97,4876
97,4662
97,4556
97,4940
97,4484
97,4308
97,4012
97,4974
97,4492
97,5400
97,4606
97,4784
97,4686
97,4804
97,4766
97,4746
97,4378
97,4646
97,4638
97,5096
97,4584
97,5546
97,4682
97,4106
97,4730
97,4882

98,5250
98,4440
98,5068
98,4390
98,4826
98,5042
98,4504
98,5092
98,5058
98,4836
98,4646
98,5108
98,4786
98,4390
98,4180
98,4690
98,4672
98,4584
98,5246
98,4768
98,5474
98,4600
98,4574
98,5474
98,4974
98,4508
98,4956
98,4736
98,4328
98,4780
98,4542
98,5160
98,4688
98,4858
98,4382
98,4734
98,4730
98,4872
98,4946
98,4432
98,4488
98,4890
98,4212
98,4886
98,4674
98,4620
98,5046
98,4754
98,4694
98,5016
98,5344
98,5512
98,4968
98,5704
98,4820
98,4616
98,4666
98,5268
98,4984
98,4944
98,4606
98,5158
98,4616
98,4788
98,5172
98,4618
98,4188
98,4108
98,5134
98,4908
98,4202
98,4328
98,4546
98,4662
98,5260
98,4550
98,4748
98,4816
98,4584
98,4106
98,4468
98,4752
98,5222
98,5258
98,4734
98,4908
98,4774
98,5264
98,5208
98,4350
98,4988
98,4944
98,4698
98,4998
98,4738
98,5230
98,4022
98,4114
98,5134
98,4294

99,4780
99,4714
99,4376
99,5080
99,4804
99,5252
99,5054
99,5018
99,4560
99,5080
99,4186
99,4898
99,4768
99,5250
99,5208
99,4820
99,4406
99,5070
99,5044
99,4612
99,4770
99,4672
99,4194
99,5050
99,4830
99,4206
99,4604
99,4936
99,4586
99,4954
99,4982
99,4628
99,5476
99,5070
99,5246
99,5282
99,4626
99,4510
99,4628
99,4834
99,4916
99,5194
99,5216
99,5526
99,4148
99,4876
99,4354
99,4542
99,4800
99,4430
99,4566
99,5180
99,4524
99,4908
99,5094
99,4664
99,5222
99,4648
99,4674
99,4994
99,4382
99,4962
99,4412
99,4812
99,5358
99,4606
99,4632
99,5010
99,5272
99,4948
99,5102
99,4580
99,4968
99,4370
99,4548
99,4388
99,4710
99,4854
99,4638
99,4908
99,4968
99,5282
99,4722
99,4910
99,4742
99,5452
99,4870
99,4766
99,4930
99,4784
99,4924
99,3870
99,5174
99,4856
99,4828
99,5560
99,4802
99,5538
99,5060
99,4592

100,5172
100,4920
100,4920
100,4552
100,5160
100,5136
100,5524
100,5678
100,4840
100,5372
100,4772
100,5010
100,5250
100,4860
100,4918
100,5006
100,5006
100,4820
100,4616
100,4922
100,5066
100,5086
100,4576
100,4932
100,5042
100,4862
100,4480
100,4914
100,4132
100,4774
100,5656
100,5340
100,4850
100,5344
100,4686
100,4810
100,4570
100,4106
100,5068
100,5042
100,5474
100,4400
100,4984
100,5208
100,4946
100,5370
100,4476
100,4642
100,5246
100,4772
100,4672
100,5074
100,4916
100,4890
100,4956
100,4814
100,4272
100,5890
100,4718
100,5158
100,5014
100,5124
100,5180
100,4994
100,5596
100,5546
100,5198
100,5098
100,5090
100,4996
100,5080
100,4990
100,4546
100,5220
100,5018
100,4842
100,5152
100,5072
100,5514
100,5554
100,4814
100,4860
100,4770
100,5046
100,5338
100,4860
100,4936
100,5422
100,5370
100,5120
100,5108
100,5308
100,4340
100,5266
100,5188
100,5220
100,4490
100,5002
100,4558
100,4960

